costat,curcd,datafmt,indfmt,consol,tic,datadate,gvkey,re
A,USD,STD,INDL,C,ABBV,2015-12-31,016101,-313.0000
A,USD,STD,INDL,C,ABBV,2016-12-31,016101,1792.0000
A,USD,STD,INDL,C,ABBV,2017-12-31,016101,2732.0000
A,USD,STD,INDL,C,ABBV,2018-12-31,016101,888.0000
A,USD,STD,INDL,C,ABBV,2019-12-31,016101,1121.0000
A,USD,STD,INDL,C,ABBV,2020-12-31,016101,-2062.0000
A,USD,STD,INDL,C,ABBV,2021-12-31,016101,228.0000
A,USD,STD,INDL,C,ABBV,2022-12-31,016101,2585.0000
A,USD,STD,INDL,C,ABBV,2023-12-31,016101,-3305.0000
A,USD,STD,INDL,C,ABBV,2024-12-31,016101,-9825.0000
A,USD,STD,INDL,C,ABBV,2025-12-31,016101,-16637.0000
A,USD,STD,INDL,C,ACAD,2015-12-31,141846,-662.5750
A,USD,STD,INDL,C,ACAD,2016-12-31,141846,-933.8730
A,USD,STD,INDL,C,ACAD,2017-12-31,141846,-1224.0700
A,USD,STD,INDL,C,ACAD,2018-12-31,141846,-1469.2350
A,USD,STD,INDL,C,ACAD,2019-12-31,141846,-1703.8250
A,USD,STD,INDL,C,ACAD,2020-12-31,141846,-1985.6700
A,USD,STD,INDL,C,ACAD,2021-12-31,141846,-2153.7680
A,USD,STD,INDL,C,ACAD,2022-12-31,141846,-2370.5260
A,USD,STD,INDL,C,ACAD,2023-12-31,141846,-2430.8130
A,USD,STD,INDL,C,ACAD,2024-12-31,141846,-2204.0940
A,USD,STD,INDL,C,ACAD,2025-12-31,141846,-1811.9410
A,USD,STD,INDL,C,ADI,2015-10-31,001632,4386.4640
A,USD,STD,INDL,C,ADI,2016-10-31,001632,4711.9850
A,USD,STD,INDL,C,ADI,2017-10-31,001632,4849.5800
A,USD,STD,INDL,C,ADI,2018-10-31,001632,5644.6240
A,USD,STD,INDL,C,ADI,2019-10-31,001632,6711.4540
A,USD,STD,INDL,C,ADI,2020-10-31,001632,6986.7770
A,USD,STD,INDL,C,ADI,2021-10-31,001632,7330.7510
A,USD,STD,INDL,C,ADI,2022-10-31,001632,8523.1730
A,USD,STD,INDL,C,ADI,2023-10-31,001632,10168.4960
A,USD,STD,INDL,C,ADI,2024-10-31,001632,10011.3560
A,USD,STD,INDL,C,ADI,2025-10-31,001632,10384.9590
A,USD,STD,INDL,C,AEIS,2015-12-31,061562,68.4440
A,USD,STD,INDL,C,AEIS,2016-12-31,061562,188.4310
A,USD,STD,INDL,C,AEIS,2017-12-31,061562,335.7580
A,USD,STD,INDL,C,AEIS,2018-12-31,061562,509.3340
A,USD,STD,INDL,C,AEIS,2019-12-31,061562,571.8270
A,USD,STD,INDL,C,AEIS,2020-12-31,061562,709.6920
A,USD,STD,INDL,C,AEIS,2021-12-31,061562,755.1070
A,USD,STD,INDL,C,AEIS,2022-12-31,061562,931.5900
A,USD,STD,INDL,C,AEIS,2023-12-31,061562,995.8450
A,USD,STD,INDL,C,AEIS,2024-12-31,061562,1014.9000
A,USD,STD,INDL,C,AEIS,2025-12-31,061562,1134.8000
A,USD,STD,INDL,C,ALGM,2019-03-31,037309,141.1070
A,USD,STD,INDL,C,ALGM,2020-03-31,037309,174.3790
A,USD,STD,INDL,C,ALGM,2021-03-31,037309,-8.3140
A,USD,STD,INDL,C,ALGM,2022-03-31,037309,104.5100
A,USD,STD,INDL,C,ALGM,2023-03-31,037309,289.5310
A,USD,STD,INDL,C,ALGM,2024-03-31,037309,434.1710
A,USD,STD,INDL,C,ALGM,2025-03-31,037309,-84.3430
A,USD,STD,INDL,C,ALKS,2015-12-31,024302,-743.2930
A,USD,STD,INDL,C,ALKS,2016-12-31,024302,-951.2160
A,USD,STD,INDL,C,ALKS,2017-12-31,024302,-1048.1570
A,USD,STD,INDL,C,ALKS,2018-12-31,024302,-1188.6480
A,USD,STD,INDL,C,ALKS,2019-12-31,024302,-1383.8040
A,USD,STD,INDL,C,ALKS,2020-12-31,024302,-1494.1980
A,USD,STD,INDL,C,ALKS,2021-12-31,024302,-1544.7410
A,USD,STD,INDL,C,ALKS,2022-12-31,024302,-1710.1740
A,USD,STD,INDL,C,ALKS,2023-12-31,024302,-1346.6380
A,USD,STD,INDL,C,ALKS,2024-12-31,024302,-978.4250
A,USD,STD,INDL,C,ALKS,2025-12-31,024302,-736.8940
A,USD,STD,INDL,C,ALNY,2015-12-31,264265,-1242.3340
A,USD,STD,INDL,C,ALNY,2016-12-31,264265,-1690.2520
A,USD,STD,INDL,C,ALNY,2017-12-31,264265,-2182.1180
A,USD,STD,INDL,C,ALNY,2018-12-31,264265,-2874.1850
A,USD,STD,INDL,C,ALNY,2019-12-31,264265,-3763.6060
A,USD,STD,INDL,C,ALNY,2020-12-31,264265,-4628.9910
A,USD,STD,INDL,C,ALNY,2021-12-31,264265,-5471.4520
A,USD,STD,INDL,C,ALNY,2022-12-31,264265,-6614.0030
A,USD,STD,INDL,C,ALNY,2023-12-31,264265,-7032.9660
A,USD,STD,INDL,C,ALNY,2024-12-31,264265,-7322.2660
A,USD,STD,INDL,C,ALNY,2025-12-31,264265,-6722.6210
I,USD,STD,INDL,C,ALXN,2015-12-31,062263,1242.6960
I,USD,STD,INDL,C,ALXN,2016-12-31,062263,1878.0000
I,USD,STD,INDL,C,ALXN,2017-12-31,062263,2207.7000
I,USD,STD,INDL,C,ALXN,2018-12-31,062263,2316.1000
I,USD,STD,INDL,C,ALXN,2019-12-31,062263,4573.0000
I,USD,STD,INDL,C,ALXN,2020-12-31,062263,5118.6000
A,USD,STD,INDL,C,AMD,2015-12-31,001161,-7314.0000
A,USD,STD,INDL,C,AMD,2016-12-31,001161,-7808.0000
A,USD,STD,INDL,C,AMD,2017-12-31,001161,-7754.0000
A,USD,STD,INDL,C,AMD,2018-12-31,001161,-7444.0000
A,USD,STD,INDL,C,AMD,2019-12-31,001161,-7095.0000
A,USD,STD,INDL,C,AMD,2020-12-31,001161,-4588.0000
A,USD,STD,INDL,C,AMD,2021-12-31,001161,-1454.0000
A,USD,STD,INDL,C,AMD,2022-12-31,001161,-172.0000
A,USD,STD,INDL,C,AMD,2023-12-31,001161,713.0000
A,USD,STD,INDL,C,AMD,2024-12-31,001161,2295.0000
A,USD,STD,INDL,C,AMD,2025-12-31,001161,6696.0000
A,USD,STD,INDL,C,AMGN,2015-12-31,001602,-2566.0000
A,USD,STD,INDL,C,AMGN,2016-12-31,001602,-909.0000
A,USD,STD,INDL,C,AMGN,2017-12-31,001602,-5751.0000
A,USD,STD,INDL,C,AMGN,2018-12-31,001602,-18746.0000
A,USD,STD,INDL,C,AMGN,2019-12-31,001602,-21858.0000
A,USD,STD,INDL,C,AMGN,2020-12-31,001602,-22393.0000
A,USD,STD,INDL,C,AMGN,2021-12-31,001602,-25396.0000
A,USD,STD,INDL,C,AMGN,2022-12-31,001602,-28853.0000
A,USD,STD,INDL,C,AMGN,2023-12-31,001602,-26838.0000
A,USD,STD,INDL,C,AMGN,2024-12-31,001602,-27656.0000
A,USD,STD,INDL,C,AMGN,2025-12-31,001602,-25365.0000
A,USD,STD,INDL,C,AMKR,2015-12-31,110039,-462.2340
A,USD,STD,INDL,C,AMKR,2016-12-31,110039,-297.2950
A,USD,STD,INDL,C,AMKR,2017-12-31,110039,-20.3320
A,USD,STD,INDL,C,AMKR,2018-12-31,110039,137.0010
A,USD,STD,INDL,C,AMKR,2019-12-31,110039,253.1920
A,USD,STD,INDL,C,AMKR,2020-12-31,110039,589.7720
A,USD,STD,INDL,C,AMKR,2021-12-31,110039,1183.9170
A,USD,STD,INDL,C,AMKR,2022-12-31,110039,1891.3430
A,USD,STD,INDL,C,AMKR,2023-12-31,110039,2176.1810
A,USD,STD,INDL,C,AMKR,2024-12-31,110039,2342.6420
A,USD,STD,INDL,C,AMKR,2025-12-31,110039,2643.8710
A,USD,STD,INDL,C,AMRX,2016-12-31,018888,
A,USD,STD,INDL,C,AMRX,2017-12-31,018888,
A,USD,STD,INDL,C,AMRX,2018-12-31,018888,-28.6750
A,USD,STD,INDL,C,AMRX,2019-12-31,018888,-377.9480
A,USD,STD,INDL,C,AMRX,2020-12-31,018888,-328.1390
A,USD,STD,INDL,C,AMRX,2021-12-31,018888,-301.0240
A,USD,STD,INDL,C,AMRX,2022-12-31,018888,-396.2440
A,USD,STD,INDL,C,AMRX,2023-12-31,018888,-522.5250
A,USD,STD,INDL,C,AMRX,2024-12-31,018888,-672.5720
A,USD,STD,INDL,C,AMRX,2025-12-31,018888,-645.7340
I,USD,STD,INDL,C,ANSS,2015-12-31,063080,1739.8650
I,USD,STD,INDL,C,ANSS,2016-12-31,063080,2000.0130
I,USD,STD,INDL,C,ANSS,2017-12-31,063080,2279.0720
I,USD,STD,INDL,C,ANSS,2018-12-31,063080,2857.0320
I,USD,STD,INDL,C,ANSS,2019-12-31,063080,3305.3250
I,USD,STD,INDL,C,ANSS,2020-12-31,063080,3786.8180
I,USD,STD,INDL,C,ANSS,2021-12-31,063080,4203.1080
I,USD,STD,INDL,C,ANSS,2022-12-31,063080,4660.2080
I,USD,STD,INDL,C,ANSS,2023-12-31,063080,5193.0710
I,USD,STD,INDL,C,ANSS,2024-12-31,063080,5711.4540
A,USD,STD,INDL,C,APLS,2015-12-31,026359,-71.1330
A,USD,STD,INDL,C,APLS,2016-12-31,026359,-98.2580
A,USD,STD,INDL,C,APLS,2017-12-31,026359,-149.2640
A,USD,STD,INDL,C,APLS,2018-12-31,026359,-276.8890
A,USD,STD,INDL,C,APLS,2019-12-31,026359,-581.6260
A,USD,STD,INDL,C,APLS,2020-12-31,026359,-926.4640
A,USD,STD,INDL,C,APLS,2021-12-31,026359,-1658.7780
A,USD,STD,INDL,C,APLS,2022-12-31,026359,-2309.7350
A,USD,STD,INDL,C,APLS,2023-12-31,026359,-2841.0300
A,USD,STD,INDL,C,APLS,2024-12-31,026359,-3038.6740
A,USD,STD,INDL,C,APLS,2025-12-31,026359,-3015.0810
A,USD,STD,INDL,C,APP,2019-12-31,038212,-891.3530
A,USD,STD,INDL,C,APP,2020-12-31,038212,-1011.7960
A,USD,STD,INDL,C,APP,2021-12-31,038212,-1022.4080
A,USD,STD,INDL,C,APP,2022-12-31,038212,-1253.0820
A,USD,STD,INDL,C,APP,2023-12-31,038212,-878.2630
A,USD,STD,INDL,C,APP,2024-12-31,038212,496.1080
A,USD,STD,INDL,C,APP,2025-12-31,038212,1688.1100
A,USD,STD,INDL,C,ARM,2021-03-31,043285,
A,USD,STD,INDL,C,ARM,2022-03-31,043285,2332.0000
A,USD,STD,INDL,C,ARM,2023-03-31,043285,2833.0000
A,USD,STD,INDL,C,ARM,2024-03-31,043285,3122.0000
A,USD,STD,INDL,C,ARM,2025-03-31,043285,3915.0000
I,USD,STD,INDL,C,ATML,2015-12-31,023767,82.9900
I,USD,STD,INDL,C,ATVI,2015-12-31,180405,3463.0000
I,USD,STD,INDL,C,ATVI,2016-12-31,180405,4240.0000
I,USD,STD,INDL,C,ATVI,2017-12-31,180405,4278.0000
I,USD,STD,INDL,C,ATVI,2018-12-31,180405,5957.0000
I,USD,STD,INDL,C,ATVI,2019-12-31,180405,7194.0000
I,USD,STD,INDL,C,ATVI,2020-12-31,180405,9069.0000
I,USD,STD,INDL,C,ATVI,2021-12-31,180405,11447.0000
I,USD,STD,INDL,C,ATVI,2022-12-31,180405,12546.0000
A,USD,STD,INDL,C,AVGO,2015-10-31,180711,2167.0000
A,USD,STD,INDL,C,AVGO,2016-10-31,180711,-349.0000
A,USD,STD,INDL,C,AVGO,2017-10-31,180711,-220.0000
A,USD,STD,INDL,C,AVGO,2018-10-31,180711,3372.0000
A,USD,STD,INDL,C,AVGO,2019-10-31,180711,-140.0000
A,USD,STD,INDL,C,AVGO,2020-10-31,180711,-108.0000
A,USD,STD,INDL,C,AVGO,2021-10-31,180711,632.0000
A,USD,STD,INDL,C,AVGO,2022-10-31,180711,1550.0000
A,USD,STD,INDL,C,AVGO,2023-10-31,180711,2889.0000
A,USD,STD,INDL,C,AVGO,2024-10-31,180711,207.0000
A,USD,STD,INDL,C,AVGO,2025-10-31,180711,9979.0000
I,USD,STD,INDL,C,AVYAQ,2015-09-30,032855,
I,USD,STD,INDL,C,AVYAQ,2016-09-30,032855,-7433.0000
I,USD,STD,INDL,C,AVYAQ,2017-09-30,032855,-7402.0000
I,USD,STD,INDL,C,AVYAQ,2018-09-30,032855,305.0000
I,USD,STD,INDL,C,AVYAQ,2019-09-30,032855,-462.0000
I,USD,STD,INDL,C,AVYAQ,2020-09-30,032855,-1214.0000
I,USD,STD,INDL,C,AVYAQ,2021-09-30,032855,-1076.0000
I,USD,STD,INDL,C,AZPN,2015-06-30,030870,-139.1570
I,USD,STD,INDL,C,AZPN,2016-06-30,030870,-3.0250
I,USD,STD,INDL,C,AZPN,2017-06-30,030870,157.9790
I,USD,STD,INDL,C,AZPN,2018-06-30,030870,306.5960
I,USD,STD,INDL,C,AZPN,2019-06-30,030870,1260.3200
I,USD,STD,INDL,C,AZPN,2020-06-30,030870,1453.0420
I,USD,STD,INDL,C,AZPN,2021-06-30,030870,1787.1590
I,USD,STD,INDL,C,AZPN,2022-06-30,030870,61.7810
I,USD,STD,INDL,C,AZPN,2023-06-30,030870,-38.9550
I,USD,STD,INDL,C,AZPN,2024-06-30,030870,-58.4230
A,USD,STD,INDL,C,BB,2015-02-28,065986,987.0000
A,USD,STD,INDL,C,BB,2016-02-29,065986,760.0000
A,USD,STD,INDL,C,BB,2017-02-28,065986,-455.0000
A,USD,STD,INDL,C,BB,2018-02-28,065986,-55.0000
A,USD,STD,INDL,C,BB,2019-02-28,065986,-52.0000
A,USD,STD,INDL,C,BB,2020-02-29,065986,-231.0000
A,USD,STD,INDL,C,BB,2021-02-28,065986,-1319.0000
A,USD,STD,INDL,C,BB,2022-02-28,065986,-1313.0000
A,USD,STD,INDL,C,BB,2023-02-28,065986,-2052.0000
A,USD,STD,INDL,C,BB,2024-02-29,065986,-2172.0000
A,USD,STD,INDL,C,BB,2025-02-28,065986,-2256.5000
A,USD,STD,INDL,C,BHC,2015-12-31,029955,-4291.3000
A,USD,STD,INDL,C,BHC,2016-12-31,029955,-7237.0000
A,USD,STD,INDL,C,BHC,2017-12-31,029955,-4621.0000
A,USD,STD,INDL,C,BHC,2018-12-31,029955,-7801.0000
A,USD,STD,INDL,C,BHC,2019-12-31,029955,-9538.0000
A,USD,STD,INDL,C,BHC,2020-12-31,029955,-10146.0000
A,USD,STD,INDL,C,BHC,2021-12-31,029955,-10885.0000
A,USD,STD,INDL,C,BHC,2022-12-31,029955,-11242.0000
A,USD,STD,INDL,C,BHC,2023-12-31,029955,-11659.0000
A,USD,STD,INDL,C,BHC,2024-12-31,029955,-12003.0000
A,USD,STD,INDL,C,BHC,2025-12-31,029955,-11427.0000
A,USD,STD,INDL,C,BHE,2015-12-31,023084,691.8890
A,USD,STD,INDL,C,BHE,2016-12-31,023084,734.4390
A,USD,STD,INDL,C,BHE,2017-12-31,023084,689.7130
A,USD,STD,INDL,C,BHE,2018-12-31,023084,573.1500
A,USD,STD,INDL,C,BHE,2019-12-31,023084,499.1170
A,USD,STD,INDL,C,BHE,2020-12-31,023084,475.5540
A,USD,STD,INDL,C,BHE,2021-12-31,023084,462.8340
A,USD,STD,INDL,C,BHE,2022-12-31,023084,503.6620
A,USD,STD,INDL,C,BHE,2023-12-31,023084,546.6770
A,USD,STD,INDL,C,BHE,2024-12-31,023084,574.7690
A,USD,STD,INDL,C,BHE,2025-12-31,023084,559.1880
A,USD,STD,INDL,C,BIIB,2015-12-31,024468,11984.4000
A,USD,STD,INDL,C,BIIB,2016-12-31,024468,14751.7000
A,USD,STD,INDL,C,BIIB,2017-12-31,024468,15492.0000
A,USD,STD,INDL,C,BIIB,2018-12-31,024468,16016.6000
A,USD,STD,INDL,C,BIIB,2019-12-31,024468,16320.2000
A,USD,STD,INDL,C,BIIB,2020-12-31,024468,13677.3000
A,USD,STD,INDL,C,BIIB,2021-12-31,024468,13805.0000
A,USD,STD,INDL,C,BIIB,2022-12-31,024468,16301.6000
A,USD,STD,INDL,C,BIIB,2023-12-31,024468,17473.9000
A,USD,STD,INDL,C,BIIB,2024-12-31,024468,19123.6000
A,USD,STD,INDL,C,BIIB,2025-12-31,024468,20370.7000
I,USD,STD,INDL,C,BIVV,2015-12-31,029819,
I,USD,STD,INDL,C,BIVV,2016-12-31,029819,
I,USD,STD,INDL,C,BIVV,2017-12-31,029819,332.3000
A,USD,STD,INDL,C,BMRN,2015-12-31,122257,-1000.5360
A,USD,STD,INDL,C,BMRN,2016-12-31,122257,-1507.6900
A,USD,STD,INDL,C,BMRN,2017-12-31,122257,-1660.5090
A,USD,STD,INDL,C,BMRN,2018-12-31,122257,-1688.8630
A,USD,STD,INDL,C,BMRN,2019-12-31,122257,-1700.5450
A,USD,STD,INDL,C,BMRN,2020-12-31,122257,-877.7480
A,USD,STD,INDL,C,BMRN,2021-12-31,122257,-911.2570
A,USD,STD,INDL,C,BMRN,2022-12-31,122257,-793.0660
A,USD,STD,INDL,C,BMRN,2023-12-31,122257,-650.3420
A,USD,STD,INDL,C,BMRN,2024-12-31,122257,-133.0420
A,USD,STD,INDL,C,BMRN,2025-12-31,122257,140.7330
A,USD,STD,INDL,C,BMY,2015-12-31,002403,29145.0000
A,USD,STD,INDL,C,BMY,2016-12-31,002403,31010.0000
A,USD,STD,INDL,C,BMY,2017-12-31,002403,28871.0000
A,USD,STD,INDL,C,BMY,2018-12-31,002403,31303.0000
A,USD,STD,INDL,C,BMY,2019-12-31,002403,32954.0000
A,USD,STD,INDL,C,BMY,2020-12-31,002403,19442.0000
A,USD,STD,INDL,C,BMY,2021-12-31,002403,22552.0000
A,USD,STD,INDL,C,BMY,2022-12-31,002403,24222.0000
A,USD,STD,INDL,C,BMY,2023-12-31,002403,27220.0000
A,USD,STD,INDL,C,BMY,2024-12-31,002403,13674.0000
A,USD,STD,INDL,C,BMY,2025-12-31,002403,15372.0000
I,USD,STD,INDL,C,BXLT,2015-12-31,022734,-186.0000
A,USD,STD,INDL,C,CDNS,2015-12-31,013421,-86.4160
A,USD,STD,INDL,C,CDNS,2016-12-31,013421,111.7420
A,USD,STD,INDL,C,CDNS,2017-12-31,013421,337.3730
A,USD,STD,INDL,C,CDNS,2018-12-31,013421,747.9290
A,USD,STD,INDL,C,CDNS,2019-12-31,013421,1724.7620
A,USD,STD,INDL,C,CDNS,2020-12-31,013421,2332.9080
A,USD,STD,INDL,C,CDNS,2021-12-31,013421,3012.9770
A,USD,STD,INDL,C,CDNS,2022-12-31,013421,3803.6030
A,USD,STD,INDL,C,CDNS,2023-12-31,013421,4841.6300
A,USD,STD,INDL,C,CDNS,2024-12-31,013421,5801.4200
A,USD,STD,INDL,C,CDNS,2025-12-31,013421,7098.9510
I,USD,STD,INDL,C,CELG,2015-12-31,013599,8842.1000
I,USD,STD,INDL,C,CELG,2016-12-31,013599,10492.7000
I,USD,STD,INDL,C,CELG,2017-12-31,013599,13348.0000
I,USD,STD,INDL,C,CELG,2018-12-31,013599,17509.0000
I,USD,STD,INDL,C,CFLT,2018-12-31,038931,
I,USD,STD,INDL,C,CFLT,2019-12-31,038931,-176.0280
I,USD,STD,INDL,C,CFLT,2020-12-31,038931,-405.8250
I,USD,STD,INDL,C,CFLT,2021-12-31,038931,-749.6840
I,USD,STD,INDL,C,CFLT,2022-12-31,038931,-1210.8610
I,USD,STD,INDL,C,CFLT,2023-12-31,038931,-1642.8810
I,USD,STD,INDL,C,CFLT,2024-12-31,038931,-1991.8570
I,USD,STD,INDL,C,CFLT,2025-12-31,038931,-2278.8350
I,USD,STD,INDL,C,CHNG,2018-03-31,034954,37.1970
I,USD,STD,INDL,C,CHNG,2019-03-31,034954,-21.0970
I,USD,STD,INDL,C,CHNG,2020-03-31,034954,-937.4360
I,USD,STD,INDL,C,CHNG,2021-03-31,034954,-1031.4700
I,USD,STD,INDL,C,CHNG,2022-03-31,034954,-1064.9650
A,USD,STD,INDL,C,CLS,2015-12-31,112158,-1818.2000
A,USD,STD,INDL,C,CLS,2016-12-31,112158,-1656.7000
A,USD,STD,INDL,C,CLS,2017-12-31,112158,-1551.9000
A,USD,STD,INDL,C,CLS,2018-12-31,112158,-1508.2000
A,USD,STD,INDL,C,CLS,2019-12-31,112158,-1443.7000
A,USD,STD,INDL,C,CLS,2020-12-31,112158,-1384.0000
A,USD,STD,INDL,C,CLS,2021-12-31,112158,-1282.4000
A,USD,STD,INDL,C,CLS,2022-12-31,112158,-1082.3000
A,USD,STD,INDL,C,CLS,2023-12-31,112158,-854.5000
A,USD,STD,INDL,C,CLS,2024-12-31,112158,-441.4000
A,USD,STD,INDL,C,CLS,2025-12-31,112158,407.0000
A,USD,STD,INDL,C,CRCL,2022-12-31,051461,
A,USD,STD,INDL,C,CRCL,2023-12-31,051461,-1380.6780
A,USD,STD,INDL,C,CRCL,2024-12-31,051461,-1219.5690
A,USD,STD,INDL,C,CRCL,2025-12-31,051461,-1278.1940
A,USD,STD,INDL,C,CRL,2015-12-31,137131,-125.0100
A,USD,STD,INDL,C,CRL,2016-12-31,137131,-88.4610
A,USD,STD,INDL,C,CRL,2017-12-31,137131,143.9270
A,USD,STD,INDL,C,CRL,2018-12-31,137131,-130.6070
A,USD,STD,INDL,C,CRL,2019-12-31,137131,102.3100
A,USD,STD,INDL,C,CRL,2020-12-31,137131,486.5400
A,USD,STD,INDL,C,CRL,2021-12-31,137131,816.0110
A,USD,STD,INDL,C,CRL,2022-12-31,137131,1170.8440
A,USD,STD,INDL,C,CRL,2023-12-31,137131,1690.7910
A,USD,STD,INDL,C,CRL,2024-12-31,137131,1494.7550
A,USD,STD,INDL,C,CRL,2025-12-31,137131,1216.8370
A,USD,STD,INDL,C,CRM,2015-01-31,157855,-629.9530
A,USD,STD,INDL,C,CRM,2016-01-31,157855,-703.1880
A,USD,STD,INDL,C,CRM,2017-01-31,157855,-540.7510
A,USD,STD,INDL,C,CRM,2018-01-31,157855,-364.5740
A,USD,STD,INDL,C,CRM,2019-01-31,157855,1677.0000
A,USD,STD,INDL,C,CRM,2020-01-31,157855,1768.0000
A,USD,STD,INDL,C,CRM,2021-01-31,157855,5891.0000
A,USD,STD,INDL,C,CRM,2022-01-31,157855,7211.0000
A,USD,STD,INDL,C,CRM,2023-01-31,157855,7311.0000
A,USD,STD,INDL,C,CRM,2024-01-31,157855,11496.0000
A,USD,STD,INDL,C,CRM,2025-01-31,157855,16103.0000
A,USD,STD,INDL,C,CRUS,2015-03-31,016401,-402.7230
A,USD,STD,INDL,C,CRUS,2016-03-31,016401,-344.0130
A,USD,STD,INDL,C,CRUS,2017-03-31,016401,-107.5870
A,USD,STD,INDL,C,CRUS,2018-03-31,016401,-150.7060
A,USD,STD,INDL,C,CRUS,2019-03-31,016401,-223.4960
A,USD,STD,INDL,C,CRUS,2020-03-31,016401,-205.1500
A,USD,STD,INDL,C,CRUS,2021-03-31,016401,-109.8140
A,USD,STD,INDL,C,CRUS,2022-03-31,016401,21.3900
A,USD,STD,INDL,C,CRUS,2023-03-31,016401,-11.8590
A,USD,STD,INDL,C,CRUS,2024-03-31,016401,56.3130
A,USD,STD,INDL,C,CRUS,2025-03-31,016401,89.1680
A,USD,STD,INDL,C,CSIQ,2015-12-31,175982,159.0040
A,USD,STD,INDL,C,CSIQ,2016-12-31,175982,192.2950
A,USD,STD,INDL,C,CSIQ,2017-12-31,175982,329.6470
A,USD,STD,INDL,C,CSIQ,2018-12-31,175982,511.8670
A,USD,STD,INDL,C,CSIQ,2019-12-31,175982,683.9940
A,USD,STD,INDL,C,CSIQ,2020-12-31,175982,911.6250
A,USD,STD,INDL,C,CSIQ,2021-12-31,175982,984.9680
A,USD,STD,INDL,C,CSIQ,2022-12-31,175982,1104.9690
A,USD,STD,INDL,C,CSIQ,2023-12-31,175982,1430.9630
A,USD,STD,INDL,C,CSIQ,2024-12-31,175982,1389.3790
A,USD,STD,INDL,C,CSIQ,2025-12-31,175982,1403.5070
A,USD,STD,INDL,C,CTEV,2018-12-31,037188,
A,USD,STD,INDL,C,CTEV,2019-12-31,037188,637.5630
A,USD,STD,INDL,C,CTEV,2020-12-31,037188,116.9990
A,USD,STD,INDL,C,CTEV,2021-12-31,037188,225.1120
A,USD,STD,INDL,C,CTEV,2022-12-31,037188,-347.8000
A,USD,STD,INDL,C,CTEV,2023-12-31,037188,-511.0850
A,USD,STD,INDL,C,CTEV,2024-12-31,037188,-2150.2010
A,USD,STD,INDL,C,CTEV,2025-12-31,037188,-2433.5920
I,USD,STD,INDL,C,CTLT,2015-06-30,020228,-1340.9000
I,USD,STD,INDL,C,CTLT,2016-06-30,020228,-1341.8000
I,USD,STD,INDL,C,CTLT,2017-06-30,020228,-1269.8000
I,USD,STD,INDL,C,CTLT,2018-06-30,020228,-1197.9000
I,USD,STD,INDL,C,CTLT,2019-06-30,020228,-1077.3000
I,USD,STD,INDL,C,CTLT,2020-06-30,020228,-921.5000
I,USD,STD,INDL,C,CTLT,2021-06-30,020228,-292.0000
I,USD,STD,INDL,C,CTLT,2022-06-30,020228,124.0000
I,USD,STD,INDL,C,CTLT,2023-06-30,020228,-92.0000
I,USD,STD,INDL,C,CTLT,2024-06-30,020228,-1185.0000
I,USD,STD,INDL,C,CTXS,2015-12-31,061676,3446.0980
I,USD,STD,INDL,C,CTXS,2016-12-31,061676,3982.0330
I,USD,STD,INDL,C,CTXS,2017-12-31,061676,3498.6780
I,USD,STD,INDL,C,CTXS,2018-12-31,061676,4160.8650
I,USD,STD,INDL,C,CTXS,2019-12-31,061676,4655.0180
I,USD,STD,INDL,C,CTXS,2020-12-31,061676,4980.6840
I,USD,STD,INDL,C,CTXS,2021-12-31,061676,5097.7280
I,USD,STD,INDL,C,CY,2015-12-31,012215,-759.0070
I,USD,STD,INDL,C,CY,2016-12-31,012215,-1453.8440
I,USD,STD,INDL,C,CY,2017-12-31,012215,-1513.0680
I,USD,STD,INDL,C,CY,2018-12-31,012215,-1155.2860
I,USD,STD,INDL,C,CY,2019-12-31,012215,-1132.4770
I,USD,STD,INDL,C,DATA,2015-12-31,017695,-71.8660
I,USD,STD,INDL,C,DATA,2016-12-31,017695,-215.3650
I,USD,STD,INDL,C,DATA,2017-12-31,017695,-414.9480
I,USD,STD,INDL,C,DATA,2018-12-31,017695,-327.0510
A,USD,STD,INDL,C,DELL,2015-01-31,014489,
A,USD,STD,INDL,C,DELL,2016-01-31,014489,
A,USD,STD,INDL,C,DELL,2017-01-31,014489,-6204.0000
A,USD,STD,INDL,C,DELL,2018-01-31,014489,-9123.0000
A,USD,STD,INDL,C,DELL,2019-01-31,014489,-21816.0000
A,USD,STD,INDL,C,DELL,2020-01-31,014489,-17600.0000
A,USD,STD,INDL,C,DELL,2021-01-31,014489,-14065.0000
A,USD,STD,INDL,C,DELL,2022-01-31,014489,-8619.0000
A,USD,STD,INDL,C,DELL,2023-01-31,014489,-7733.0000
A,USD,STD,INDL,C,DELL,2024-01-31,014489,-5430.0000
A,USD,STD,INDL,C,DELL,2025-01-31,014489,-2099.0000
A,USD,STD,INDL,C,DIOD,2015-12-31,003969,429.8640
A,USD,STD,INDL,C,DIOD,2016-12-31,003969,417.5490
A,USD,STD,INDL,C,DIOD,2017-12-31,003969,449.2070
A,USD,STD,INDL,C,DIOD,2018-12-31,003969,534.8620
A,USD,STD,INDL,C,DIOD,2019-12-31,003969,681.8190
A,USD,STD,INDL,C,DIOD,2020-12-31,003969,814.4400
A,USD,STD,INDL,C,DIOD,2021-12-31,003969,1066.2920
A,USD,STD,INDL,C,DIOD,2022-12-31,003969,1319.8590
A,USD,STD,INDL,C,DIOD,2023-12-31,003969,1532.0470
A,USD,STD,INDL,C,DIOD,2024-12-31,003969,1572.5740
A,USD,STD,INDL,C,DIOD,2025-12-31,003969,1674.6920
A,USD,STD,INDL,C,EA,2015-03-31,016721,906.0000
A,USD,STD,INDL,C,EA,2016-03-31,016721,2044.0000
A,USD,STD,INDL,C,EA,2017-03-31,016721,3008.0000
A,USD,STD,INDL,C,EA,2018-03-31,016721,3935.0000
A,USD,STD,INDL,C,EA,2019-03-31,016721,5328.0000
A,USD,STD,INDL,C,EA,2020-03-31,016721,7458.0000
A,USD,STD,INDL,C,EA,2021-03-31,016721,7837.0000
A,USD,STD,INDL,C,EA,2022-03-31,016721,7622.0000
A,USD,STD,INDL,C,EA,2023-03-31,016721,7290.0000
A,USD,STD,INDL,C,EA,2024-03-31,016721,7510.0000
A,USD,STD,INDL,C,EA,2025-03-31,016721,6383.0000
A,USD,STD,INDL,C,EBS,2015-12-31,176022,348.4260
A,USD,STD,INDL,C,EBS,2016-12-31,176022,250.1490
A,USD,STD,INDL,C,EBS,2017-12-31,176022,333.3760
A,USD,STD,INDL,C,EBS,2018-12-31,176022,361.8000
A,USD,STD,INDL,C,EBS,2019-12-31,176022,411.9000
A,USD,STD,INDL,C,EBS,2020-12-31,176022,701.6000
A,USD,STD,INDL,C,EBS,2021-12-31,176022,941.7000
A,USD,STD,INDL,C,EBS,2022-12-31,176022,741.8000
A,USD,STD,INDL,C,EBS,2023-12-31,176022,-27.5000
A,USD,STD,INDL,C,EBS,2024-12-31,176022,-217.6000
A,USD,STD,INDL,C,EBS,2025-12-31,176022,-167.3000
A,USD,STD,INDL,C,ELAN,2016-12-31,033955,
A,USD,STD,INDL,C,ELAN,2017-12-31,033955,
A,USD,STD,INDL,C,ELAN,2018-12-31,033955,-205.8000
A,USD,STD,INDL,C,ELAN,2019-12-31,033955,-89.4000
A,USD,STD,INDL,C,ELAN,2020-12-31,033955,-174.2000
A,USD,STD,INDL,C,ELAN,2021-12-31,033955,-1158.0000
A,USD,STD,INDL,C,ELAN,2022-12-31,033955,-1449.0000
A,USD,STD,INDL,C,ELAN,2023-12-31,033955,-2554.0000
A,USD,STD,INDL,C,ELAN,2024-12-31,033955,-2721.0000
A,USD,STD,INDL,C,ELAN,2025-12-31,033955,-2323.0000
A,USD,STD,INDL,C,ENPH,2015-12-31,187450,-183.2830
A,USD,STD,INDL,C,ENPH,2016-12-31,187450,-250.8270
A,USD,STD,INDL,C,ENPH,2017-12-31,187450,-296.3830
A,USD,STD,INDL,C,ENPH,2018-12-31,187450,-345.5600
A,USD,STD,INDL,C,ENPH,2019-12-31,187450,-186.1040
A,USD,STD,INDL,C,ENPH,2020-12-31,187450,-50.7520
A,USD,STD,INDL,C,ENPH,2021-12-31,187450,-407.7570
A,USD,STD,INDL,C,ENPH,2022-12-31,187450,6.4530
A,USD,STD,INDL,C,ENPH,2023-12-31,187450,44.2850
A,USD,STD,INDL,C,ENPH,2024-12-31,187450,-251.5580
A,USD,STD,INDL,C,ENPH,2025-12-31,187450,-202.1420
A,USD,STD,INDL,C,ESTC,2017-04-30,034243,-163.9390
A,USD,STD,INDL,C,ESTC,2018-04-30,034243,-215.7350
A,USD,STD,INDL,C,ESTC,2019-04-30,034243,-318.5080
A,USD,STD,INDL,C,ESTC,2020-04-30,034243,-485.6280
A,USD,STD,INDL,C,ESTC,2021-04-30,034243,-621.4230
A,USD,STD,INDL,C,ESTC,2022-04-30,034243,-835.2960
A,USD,STD,INDL,C,ESTC,2023-04-30,034243,-1073.3420
A,USD,STD,INDL,C,ESTC,2024-04-30,034243,-1013.2450
A,USD,STD,INDL,C,ESTC,2025-04-30,034243,-1122.9250
A,USD,STD,INDL,C,EVH,2015-12-31,023818,306.6880
A,USD,STD,INDL,C,EVH,2016-12-31,023818,146.6170
A,USD,STD,INDL,C,EVH,2017-12-31,023818,85.9520
A,USD,STD,INDL,C,EVH,2018-12-31,023818,49.8270
A,USD,STD,INDL,C,EVH,2019-12-31,023818,-252.1960
A,USD,STD,INDL,C,EVH,2020-12-31,023818,-589.4560
A,USD,STD,INDL,C,EVH,2021-12-31,023818,-627.1410
A,USD,STD,INDL,C,EVH,2022-12-31,023818,-607.3320
A,USD,STD,INDL,C,EVH,2023-12-31,023818,-720.4510
A,USD,STD,INDL,C,EVH,2024-12-31,023818,-782.5700
A,USD,STD,INDL,C,EVH,2025-12-31,023818,-1317.9510
A,USD,STD,INDL,C,EXAS,2015-12-31,141277,-579.0430
A,USD,STD,INDL,C,EXAS,2016-12-31,141277,-746.2390
A,USD,STD,INDL,C,EXAS,2017-12-31,141277,-861.3640
A,USD,STD,INDL,C,EXAS,2018-12-31,141277,-1037.1850
A,USD,STD,INDL,C,EXAS,2019-12-31,141277,-1119.8560
A,USD,STD,INDL,C,EXAS,2020-12-31,141277,-1967.7630
A,USD,STD,INDL,C,EXAS,2021-12-31,141277,-2642.9630
A,USD,STD,INDL,C,EXAS,2022-12-31,141277,-3270.2620
A,USD,STD,INDL,C,EXAS,2023-12-31,141277,-3467.7470
A,USD,STD,INDL,C,EXAS,2024-12-31,141277,-4498.9760
A,USD,STD,INDL,C,EXAS,2025-12-31,141277,-4703.6230
A,USD,STD,INDL,C,EXEL,2015-12-31,133885,-1937.2730
A,USD,STD,INDL,C,EXEL,2016-12-31,133885,-1983.5630
A,USD,STD,INDL,C,EXEL,2017-12-31,133885,-1829.5190
A,USD,STD,INDL,C,EXEL,2018-12-31,133885,-881.0640
A,USD,STD,INDL,C,EXEL,2019-12-31,133885,-556.2820
A,USD,STD,INDL,C,EXEL,2020-12-31,133885,-443.0940
A,USD,STD,INDL,C,EXEL,2021-12-31,133885,-217.2650
A,USD,STD,INDL,C,EXEL,2022-12-31,133885,-48.7460
A,USD,STD,INDL,C,EXEL,2023-12-31,133885,-177.1010
A,USD,STD,INDL,C,EXEL,2024-12-31,133885,-99.9940
A,USD,STD,INDL,C,EXEL,2025-12-31,133885,-73.3540
I,USD,STD,INDL,C,FCS,2015-12-31,065643,-78.2000
A,USD,STD,INDL,C,FIG,2023-12-31,060849,540.3330
A,USD,STD,INDL,C,FIG,2024-12-31,060849,-191.5960
A,USD,STD,INDL,C,FIG,2025-12-31,060849,-1439.3700
A,USD,STD,INDL,C,FLEX,2015-03-31,030170,-4516.7980
A,USD,STD,INDL,C,FLEX,2016-03-31,030170,-4028.1270
A,USD,STD,INDL,C,FLEX,2017-03-31,030170,-3700.7910
A,USD,STD,INDL,C,FLEX,2018-03-31,030170,-3229.9590
A,USD,STD,INDL,C,FLEX,2019-03-31,030170,-3163.1750
A,USD,STD,INDL,C,FLEX,2020-03-31,030170,-3117.0770
A,USD,STD,INDL,C,FLEX,2021-03-31,030170,-2408.0000
A,USD,STD,INDL,C,FLEX,2022-03-31,030170,-1535.0000
A,USD,STD,INDL,C,FLEX,2023-03-31,030170,-754.0000
A,USD,STD,INDL,C,FLEX,2024-03-31,030170,251.0000
A,USD,STD,INDL,C,FLEX,2025-03-31,030170,1060.0000
A,USD,STD,INDL,C,FSLR,2015-12-31,175404,2805.5900
A,USD,STD,INDL,C,FSLR,2016-12-31,175404,2453.3720
A,USD,STD,INDL,C,FSLR,2017-12-31,175404,2299.4860
A,USD,STD,INDL,C,FSLR,2018-12-31,175404,2387.0870
A,USD,STD,INDL,C,FSLR,2019-12-31,175404,2247.2860
A,USD,STD,INDL,C,FSLR,2020-12-31,175404,2654.0360
A,USD,STD,INDL,C,FSLR,2021-12-31,175404,3088.0930
A,USD,STD,INDL,C,FSLR,2022-12-31,175404,2948.4720
A,USD,STD,INDL,C,FSLR,2023-12-31,175404,3796.9350
A,USD,STD,INDL,C,FSLR,2024-12-31,175404,5079.0520
A,USD,STD,INDL,C,FSLR,2025-12-31,175404,6635.8730
A,USD,STD,INDL,C,FTNT,2015-12-31,183377,67.5480
A,USD,STD,INDL,C,FTNT,2016-12-31,183377,36.8550
A,USD,STD,INDL,C,FTNT,2017-12-31,183377,-320.4270
A,USD,STD,INDL,C,FTNT,2018-12-31,183377,-58.3000
A,USD,STD,INDL,C,FTNT,2019-12-31,183377,141.4000
A,USD,STD,INDL,C,FTNT,2020-12-31,183377,-351.4000
A,USD,STD,INDL,C,FTNT,2021-12-31,183377,-472.7000
A,USD,STD,INDL,C,FTNT,2022-12-31,183377,-1566.6000
A,USD,STD,INDL,C,FTNT,2023-12-31,183377,-1880.6000
A,USD,STD,INDL,C,FTNT,2024-12-31,183377,-143.2000
A,USD,STD,INDL,C,FTNT,2025-12-31,183377,-533.3000
A,USD,STD,INDL,C,FTRE,2021-12-31,043026,
A,USD,STD,INDL,C,FTRE,2022-12-31,043026,
A,USD,STD,INDL,C,FTRE,2023-12-31,043026,-267.5000
A,USD,STD,INDL,C,FTRE,2024-12-31,043026,-679.9000
A,USD,STD,INDL,C,FTRE,2025-12-31,043026,-1553.2000
A,USD,STD,INDL,C,GEN,2015-03-31,015855,-166.0000
A,USD,STD,INDL,C,GEN,2016-03-31,015855,-633.0000
A,USD,STD,INDL,C,GEN,2017-03-31,015855,-749.0000
A,USD,STD,INDL,C,GEN,2018-03-31,015855,332.0000
A,USD,STD,INDL,C,GEN,2019-03-31,015855,926.0000
A,USD,STD,INDL,C,GEN,2020-03-31,015855,-3346.0000
A,USD,STD,INDL,C,GEN,2021-03-31,015855,-2729.0000
A,USD,STD,INDL,C,GEN,2022-03-31,015855,-1944.0000
A,USD,STD,INDL,C,GEN,2023-03-31,015855,-600.0000
A,USD,STD,INDL,C,GEN,2024-03-31,015855,-30.0000
A,USD,STD,INDL,C,GEN,2025-03-31,015855,203.0000
A,USD,STD,INDL,C,GFS,2018-12-31,039822,
A,USD,STD,INDL,C,GFS,2019-12-31,039822,-2697.4050
A,USD,STD,INDL,C,GFS,2020-12-31,039822,-4541.1410
A,USD,STD,INDL,C,GFS,2021-12-31,039822,-15522.5740
A,USD,STD,INDL,C,GFS,2022-12-31,039822,-13929.0000
A,USD,STD,INDL,C,GFS,2023-12-31,039822,-12934.0000
A,USD,STD,INDL,C,GFS,2024-12-31,039822,-13249.0000
A,USD,STD,INDL,C,GFS,2025-12-31,039822,-12303.0000
A,USD,STD,INDL,C,GILD,2015-12-31,024856,18089.0000
A,USD,STD,INDL,C,GILD,2016-12-31,024856,18432.0000
A,USD,STD,INDL,C,GILD,2017-12-31,024856,19177.0000
A,USD,STD,INDL,C,GILD,2018-12-31,024856,19104.0000
A,USD,STD,INDL,C,GILD,2019-12-31,024856,19473.0000
A,USD,STD,INDL,C,GILD,2020-12-31,024856,14321.0000
A,USD,STD,INDL,C,GILD,2021-12-31,024856,16407.0000
A,USD,STD,INDL,C,GILD,2022-12-31,024856,15689.0000
A,USD,STD,INDL,C,GILD,2023-12-31,024856,16332.0000
A,USD,STD,INDL,C,GILD,2024-12-31,024856,11629.0000
A,USD,STD,INDL,C,GILD,2025-12-31,024856,13769.0000
A,USD,STD,INDL,C,GWRE,2015-07-31,190455,26.5120
A,USD,STD,INDL,C,GWRE,2016-07-31,190455,41.2380
A,USD,STD,INDL,C,GWRE,2017-07-31,190455,63.2590
A,USD,STD,INDL,C,GWRE,2018-07-31,190455,117.2280
A,USD,STD,INDL,C,GWRE,2019-07-31,190455,182.2890
A,USD,STD,INDL,C,GWRE,2020-07-31,190455,157.7100
A,USD,STD,INDL,C,GWRE,2021-07-31,190455,-72.3180
A,USD,STD,INDL,C,GWRE,2022-07-31,190455,-303.8270
A,USD,STD,INDL,C,GWRE,2023-07-31,190455,-631.8090
A,USD,STD,INDL,C,GWRE,2024-07-31,190455,-636.2970
A,USD,STD,INDL,C,GWRE,2025-07-31,190455,-563.1710
A,USD,STD,INDL,C,HALO,2015-12-31,151630,-482.7570
A,USD,STD,INDL,C,HALO,2016-12-31,151630,-585.3480
A,USD,STD,INDL,C,HALO,2017-12-31,151630,-522.8210
A,USD,STD,INDL,C,HALO,2018-12-31,151630,-531.7150
A,USD,STD,INDL,C,HALO,2019-12-31,151630,-603.4380
A,USD,STD,INDL,C,HALO,2020-12-31,151630,-474.5710
A,USD,STD,INDL,C,HALO,2021-12-31,151630,-59.5320
A,USD,STD,INDL,C,HALO,2022-12-31,151630,142.2950
A,USD,STD,INDL,C,HALO,2023-12-31,151630,81.2720
A,USD,STD,INDL,C,HALO,2024-12-31,151630,363.6980
A,USD,STD,INDL,C,HALO,2025-12-31,151630,36.6940
A,USD,STD,INDL,C,HIMS,2019-12-31,037851,
A,USD,STD,INDL,C,HIMS,2020-12-31,037851,
A,USD,STD,INDL,C,HIMS,2021-12-31,037851,-279.0880
A,USD,STD,INDL,C,HIMS,2022-12-31,037851,-344.9060
A,USD,STD,INDL,C,HIMS,2023-12-31,037851,-368.2990
A,USD,STD,INDL,C,HIMS,2024-12-31,037851,-242.4610
A,USD,STD,INDL,C,HIMS,2025-12-31,037851,-111.4780
A,USD,STD,INDL,C,HPE,2015-10-31,026156,
A,USD,STD,INDL,C,HPE,2016-10-31,026156,-3817.0000
A,USD,STD,INDL,C,HPE,2017-10-31,026156,-10133.0000
A,USD,STD,INDL,C,HPE,2018-10-31,026156,-9117.0000
A,USD,STD,INDL,C,HPE,2019-10-31,026156,-11359.0000
A,USD,STD,INDL,C,HPE,2020-10-31,026156,-12314.0000
A,USD,STD,INDL,C,HPE,2021-10-31,026156,-8512.0000
A,USD,STD,INDL,C,HPE,2022-10-31,026156,-8448.0000
A,USD,STD,INDL,C,HPE,2023-10-31,026156,-7030.0000
A,USD,STD,INDL,C,HPE,2024-10-31,026156,-5045.0000
A,USD,STD,INDL,C,HPE,2025-10-31,026156,-5559.0000
A,USD,STD,INDL,C,INCY,2015-12-31,029127,-1779.7960
A,USD,STD,INDL,C,INCY,2016-12-31,029127,-1677.6510
A,USD,STD,INDL,C,INCY,2017-12-31,029127,-1997.0150
A,USD,STD,INDL,C,INCY,2018-12-31,029127,-1887.9240
A,USD,STD,INDL,C,INCY,2019-12-31,029127,-1446.3000
A,USD,STD,INDL,C,INCY,2020-12-31,029127,-1741.8150
A,USD,STD,INDL,C,INCY,2021-12-31,029127,-797.3280
A,USD,STD,INDL,C,INCY,2022-12-31,029127,-422.1450
A,USD,STD,INDL,C,INCY,2023-12-31,029127,173.4910
A,USD,STD,INDL,C,INCY,2024-12-31,029127,-1086.0020
A,USD,STD,INDL,C,INCY,2025-12-31,029127,239.2310
A,USD,STD,INDL,C,INDV,2021-12-31,022410,123.0000
A,USD,STD,INDL,C,INDV,2022-12-31,022410,-31.0000
A,USD,STD,INDL,C,INDV,2023-12-31,022410,-86.0000
A,USD,STD,INDL,C,INDV,2024-12-31,022410,-501.0000
A,USD,STD,INDL,C,INDV,2025-12-31,022410,-272.0000
A,USD,STD,INDL,C,INTC,2015-12-31,006008,37674.0000
A,USD,STD,INDL,C,INTC,2016-12-31,006008,40853.0000
A,USD,STD,INDL,C,INTC,2017-12-31,006008,42945.0000
A,USD,STD,INDL,C,INTC,2018-12-31,006008,49198.0000
A,USD,STD,INDL,C,INTC,2019-12-31,006008,52243.0000
A,USD,STD,INDL,C,INTC,2020-12-31,006008,55482.0000
A,USD,STD,INDL,C,INTC,2021-12-31,006008,67385.0000
A,USD,STD,INDL,C,INTC,2022-12-31,006008,69843.0000
A,USD,STD,INDL,C,INTC,2023-12-31,006008,68941.0000
A,USD,STD,INDL,C,INTC,2024-12-31,006008,48321.0000
A,USD,STD,INDL,C,INTC,2025-12-31,006008,49096.0000
A,USD,STD,INDL,C,INTU,2015-07-31,027928,5997.0000
A,USD,STD,INDL,C,INTU,2016-07-31,027928,6655.0000
A,USD,STD,INDL,C,INTU,2017-07-31,027928,7275.0000
A,USD,STD,INDL,C,INTU,2018-07-31,027928,8066.0000
A,USD,STD,INDL,C,INTU,2019-07-31,027928,9585.0000
A,USD,STD,INDL,C,INTU,2020-07-31,027928,10853.0000
A,USD,STD,INDL,C,INTU,2021-07-31,027928,12272.0000
A,USD,STD,INDL,C,INTU,2022-07-31,027928,13521.0000
A,USD,STD,INDL,C,INTU,2023-07-31,027928,15012.0000
A,USD,STD,INDL,C,INTU,2024-07-31,027928,16935.0000
A,USD,STD,INDL,C,INTU,2025-07-31,027928,19618.0000
A,USD,STD,INDL,C,IONS,2015-12-31,024040,-1108.4370
A,USD,STD,INDL,C,IONS,2016-12-31,024040,-1211.7860
A,USD,STD,INDL,C,IONS,2017-12-31,024040,-1219.1570
A,USD,STD,INDL,C,IONS,2018-12-31,024040,-999.3090
A,USD,STD,INDL,C,IONS,2019-12-31,024040,-732.8240
A,USD,STD,INDL,C,IONS,2020-12-31,024040,-1270.4390
A,USD,STD,INDL,C,IONS,2021-12-31,024040,-1192.5710
A,USD,STD,INDL,C,IONS,2022-12-31,024040,-1487.1050
A,USD,STD,INDL,C,IONS,2023-12-31,024040,-1828.5560
A,USD,STD,INDL,C,IONS,2024-12-31,024040,-2280.6190
A,USD,STD,INDL,C,IONS,2025-12-31,024040,-2656.4760
A,USD,STD,INDL,C,IPGP,2015-12-31,175955,651.8740
A,USD,STD,INDL,C,IPGP,2016-12-31,175955,915.5250
A,USD,STD,INDL,C,IPGP,2017-12-31,175955,1366.5230
A,USD,STD,INDL,C,IPGP,2018-12-31,175955,1685.6040
A,USD,STD,INDL,C,IPGP,2019-12-31,175955,1881.8150
A,USD,STD,INDL,C,IPGP,2020-12-31,175955,2042.1260
A,USD,STD,INDL,C,IPGP,2021-12-31,175955,2276.6560
A,USD,STD,INDL,C,IPGP,2022-12-31,175955,2371.9920
A,USD,STD,INDL,C,IPGP,2023-12-31,175955,2582.8640
A,USD,STD,INDL,C,IPGP,2024-12-31,175955,2494.5010
A,USD,STD,INDL,C,IPGP,2025-12-31,175955,2606.5810
A,USD,STD,INDL,C,IQV,2015-12-31,017928,-573.0010
A,USD,STD,INDL,C,IQV,2016-12-31,017928,-969.0000
A,USD,STD,INDL,C,IQV,2017-12-31,017928,701.0000
A,USD,STD,INDL,C,IQV,2018-12-31,017928,583.0000
A,USD,STD,INDL,C,IQV,2019-12-31,017928,687.0000
A,USD,STD,INDL,C,IQV,2020-12-31,017928,1072.0000
A,USD,STD,INDL,C,IQV,2021-12-31,017928,1837.0000
A,USD,STD,INDL,C,IQV,2022-12-31,017928,2607.0000
A,USD,STD,INDL,C,IQV,2023-12-31,017928,3825.0000
A,USD,STD,INDL,C,IQV,2024-12-31,017928,5027.0000
A,USD,STD,INDL,C,IQV,2025-12-31,017928,6482.0000
A,USD,STD,INDL,C,JAZZ,2015-12-31,177287,35.6850
A,USD,STD,INDL,C,JAZZ,2016-12-31,177287,212.0460
A,USD,STD,INDL,C,JAZZ,2017-12-31,177287,777.5500
A,USD,STD,INDL,C,JAZZ,2018-12-31,177287,643.7310
A,USD,STD,INDL,C,JAZZ,2019-12-31,177287,844.8940
A,USD,STD,INDL,C,JAZZ,2020-12-31,177287,1026.0140
A,USD,STD,INDL,C,JAZZ,2021-12-31,177287,430.3380
A,USD,STD,INDL,C,JAZZ,2022-12-31,177287,-391.4510
A,USD,STD,INDL,C,JAZZ,2023-12-31,177287,36.9820
A,USD,STD,INDL,C,JAZZ,2024-12-31,177287,180.1530
A,USD,STD,INDL,C,JAZZ,2025-12-31,177287,78.0510
A,USD,STD,INDL,C,JBL,2015-08-31,028195,1418.0560
A,USD,STD,INDL,C,JBL,2016-08-31,028195,1620.9430
A,USD,STD,INDL,C,JBL,2017-08-31,028195,1785.5130
A,USD,STD,INDL,C,JBL,2018-08-31,028195,1740.6980
A,USD,STD,INDL,C,JBL,2019-08-31,028195,1954.2430
A,USD,STD,INDL,C,JBL,2020-08-31,028195,2006.7540
A,USD,STD,INDL,C,JBL,2021-08-31,028195,2663.0000
A,USD,STD,INDL,C,JBL,2022-08-31,028195,3596.0000
A,USD,STD,INDL,C,JBL,2023-08-31,028195,4395.0000
A,USD,STD,INDL,C,JBL,2024-08-31,028195,5714.0000
A,USD,STD,INDL,C,JBL,2025-08-31,028195,6365.0000
A,USD,STD,INDL,C,JNJ,2015-12-31,006266,90714.0000
A,USD,STD,INDL,C,JNJ,2016-12-31,006266,95650.0000
A,USD,STD,INDL,C,JNJ,2017-12-31,006266,88594.0000
A,USD,STD,INDL,C,JNJ,2018-12-31,006266,90994.0000
A,USD,STD,INDL,C,JNJ,2019-12-31,006266,94768.0000
A,USD,STD,INDL,C,JNJ,2020-12-31,006266,98648.0000
A,USD,STD,INDL,C,JNJ,2021-12-31,006266,110002.0000
A,USD,STD,INDL,C,JNJ,2022-12-31,006266,115378.0000
A,USD,STD,INDL,C,JNJ,2023-12-31,006266,141316.0000
A,USD,STD,INDL,C,JNJ,2024-12-31,006266,144050.0000
A,USD,STD,INDL,C,JNJ,2025-12-31,006266,154048.0000
A,USD,STD,INDL,C,LEGN,2018-12-31,036482,4.0170
A,USD,STD,INDL,C,LEGN,2019-12-31,036482,-128.7730
A,USD,STD,INDL,C,LEGN,2020-12-31,036482,-434.3920
A,USD,STD,INDL,C,LEGN,2021-12-31,036482,-809.9810
A,USD,STD,INDL,C,LEGN,2022-12-31,036482,-951.7850
A,USD,STD,INDL,C,LEGN,2023-12-31,036482,-1440.4060
A,USD,STD,INDL,C,LEGN,2024-12-31,036482,-1729.8940
A,USD,STD,INDL,C,LEGN,2025-12-31,036482,-1836.3000
I,USD,STD,INDL,C,LLTC,2015-06-30,012216,-474.5630
I,USD,STD,INDL,C,LLTC,2016-06-30,012216,-377.9750
A,USD,STD,INDL,C,LLY,2015-12-31,006730,11431.1000
A,USD,STD,INDL,C,LLY,2016-12-31,006730,10772.3000
A,USD,STD,INDL,C,LLY,2017-12-31,006730,8175.5000
A,USD,STD,INDL,C,LLY,2018-12-31,006730,5666.7000
A,USD,STD,INDL,C,LLY,2019-12-31,006730,-1603.2000
A,USD,STD,INDL,C,LLY,2020-12-31,006730,1333.8000
A,USD,STD,INDL,C,LLY,2021-12-31,006730,4615.4000
A,USD,STD,INDL,C,LLY,2022-12-31,006730,6198.0000
A,USD,STD,INDL,C,LLY,2023-12-31,006730,5985.3000
A,USD,STD,INDL,C,LLY,2024-12-31,006730,9223.1000
A,USD,STD,INDL,C,LLY,2025-12-31,006730,21612.0000
I,USD,STD,INDL,C,MCFE,2018-12-31,037180,-1146.0000
I,USD,STD,INDL,C,MCFE,2019-12-31,037180,-1447.0000
I,USD,STD,INDL,C,MCFE,2020-12-31,037180,-163.0000
I,USD,STD,INDL,C,MCFE,2021-12-31,037180,22.0000
A,USD,STD,INDL,C,MCHP,2015-03-31,027965,1560.6160
A,USD,STD,INDL,C,MCHP,2016-03-31,027965,1579.2280
A,USD,STD,INDL,C,MCHP,2017-03-31,027965,1465.0220
A,USD,STD,INDL,C,MCHP,2018-03-31,027965,1379.7000
A,USD,STD,INDL,C,MCHP,2019-03-31,027965,3189.9000
A,USD,STD,INDL,C,MCHP,2020-03-31,027965,3410.8000
A,USD,STD,INDL,C,MCHP,2021-03-31,027965,3367.3000
A,USD,STD,INDL,C,MCHP,2022-03-31,027965,4154.6000
A,USD,STD,INDL,C,MCHP,2023-03-31,027965,5760.0000
A,USD,STD,INDL,C,MCHP,2024-03-31,027965,6756.0000
A,USD,STD,INDL,C,MCHP,2025-03-31,027965,5779.4000
A,USD,STD,INDL,C,MEDP,2015-12-31,019998,-25.5680
A,USD,STD,INDL,C,MEDP,2016-12-31,019998,-13.3260
A,USD,STD,INDL,C,MEDP,2017-12-31,019998,-121.1360
A,USD,STD,INDL,C,MEDP,2018-12-31,019998,-44.0040
A,USD,STD,INDL,C,MEDP,2019-12-31,019998,65.3680
A,USD,STD,INDL,C,MEDP,2020-12-31,019998,115.0980
A,USD,STD,INDL,C,MEDP,2021-12-31,019998,230.1380
A,USD,STD,INDL,C,MEDP,2022-12-31,019998,-372.2190
A,USD,STD,INDL,C,MEDP,2023-12-31,019998,-231.7170
A,USD,STD,INDL,C,MEDP,2024-12-31,019998,-6.5760
A,USD,STD,INDL,C,MEDP,2025-12-31,019998,-464.8870
A,USD,STD,INDL,C,MPWR,2015-12-31,160888,102.7530
A,USD,STD,INDL,C,MPWR,2016-12-31,160888,115.1470
A,USD,STD,INDL,C,MPWR,2017-12-31,160888,145.4210
A,USD,STD,INDL,C,MPWR,2018-12-31,160888,189.1850
A,USD,STD,INDL,C,MPWR,2019-12-31,160888,223.9740
A,USD,STD,INDL,C,MPWR,2020-12-31,160888,308.8860
A,USD,STD,INDL,C,MPWR,2021-12-31,160888,440.7590
A,USD,STD,INDL,C,MPWR,2022-12-31,160888,693.3260
A,USD,STD,INDL,C,MPWR,2023-12-31,160888,920.0020
A,USD,STD,INDL,C,MPWR,2024-12-31,160888,2438.9500
A,USD,STD,INDL,C,MPWR,2025-12-31,160888,2594.4990
A,USD,STD,INDL,C,MRK,2015-12-31,007257,41200.0000
A,USD,STD,INDL,C,MRK,2016-12-31,007257,38907.0000
A,USD,STD,INDL,C,MRK,2017-12-31,007257,36440.0000
A,USD,STD,INDL,C,MRK,2018-12-31,007257,37034.0000
A,USD,STD,INDL,C,MRK,2019-12-31,007257,40409.0000
A,USD,STD,INDL,C,MRK,2020-12-31,007257,40728.0000
A,USD,STD,INDL,C,MRK,2021-12-31,007257,49267.0000
A,USD,STD,INDL,C,MRK,2022-12-31,007257,56313.0000
A,USD,STD,INDL,C,MRK,2023-12-31,007257,48734.0000
A,USD,STD,INDL,C,MRK,2024-12-31,007257,58124.0000
A,USD,STD,INDL,C,MRK,2025-12-31,007257,68788.0000
A,USD,STD,INDL,C,MRNA,2016-12-31,034410,-366.1210
A,USD,STD,INDL,C,MRNA,2017-12-31,034410,-623.0500
A,USD,STD,INDL,C,MRNA,2018-12-31,034410,-1007.9470
A,USD,STD,INDL,C,MRNA,2019-12-31,034410,-1494.6500
A,USD,STD,INDL,C,MRNA,2020-12-31,034410,-2240.5140
A,USD,STD,INDL,C,MRNA,2021-12-31,034410,9934.0000
A,USD,STD,INDL,C,MRNA,2022-12-31,034410,17950.0000
A,USD,STD,INDL,C,MRNA,2023-12-31,034410,13483.0000
A,USD,STD,INDL,C,MRNA,2024-12-31,034410,10035.0000
A,USD,STD,INDL,C,MRNA,2025-12-31,034410,7268.0000
A,USD,STD,INDL,C,MRVL,2015-01-31,137310,2045.5110
A,USD,STD,INDL,C,MRVL,2016-01-31,137310,1110.1870
A,USD,STD,INDL,C,MRVL,2017-01-31,137310,1009.8640
A,USD,STD,INDL,C,MRVL,2018-01-31,137310,1407.1300
A,USD,STD,INDL,C,MRVL,2019-01-31,137310,1116.4950
A,USD,STD,INDL,C,MRVL,2020-01-31,137310,2541.3130
A,USD,STD,INDL,C,MRVL,2021-01-31,137310,2103.4410
A,USD,STD,INDL,C,MRVL,2022-01-31,137310,1491.3580
A,USD,STD,INDL,C,MRVL,2023-01-31,137310,1123.5000
A,USD,STD,INDL,C,MRVL,2024-01-31,137310,-15.6000
A,USD,STD,INDL,C,MRVL,2025-01-31,137310,-1108.8000
I,USD,STD,INDL,C,MSCC,2015-09-30,007346,380.1000
I,USD,STD,INDL,C,MSCC,2016-09-30,007346,348.4000
I,USD,STD,INDL,C,MSCC,2017-09-30,007346,527.3000
A,USD,STD,INDL,C,MSFT,2015-06-30,012141,11618.0000
A,USD,STD,INDL,C,MSFT,2016-06-30,012141,3819.0000
A,USD,STD,INDL,C,MSFT,2017-06-30,012141,3079.0000
A,USD,STD,INDL,C,MSFT,2018-06-30,012141,11495.0000
A,USD,STD,INDL,C,MSFT,2019-06-30,012141,23810.0000
A,USD,STD,INDL,C,MSFT,2020-06-30,012141,37752.0000
A,USD,STD,INDL,C,MSFT,2021-06-30,012141,58877.0000
A,USD,STD,INDL,C,MSFT,2022-06-30,012141,79603.0000
A,USD,STD,INDL,C,MSFT,2023-06-30,012141,112505.0000
A,USD,STD,INDL,C,MSFT,2024-06-30,012141,167554.0000
A,USD,STD,INDL,C,MSFT,2025-06-30,012141,234384.0000
A,USD,STD,INDL,C,MU,2015-08-31,007343,5601.0000
A,USD,STD,INDL,C,MU,2016-08-31,007343,5264.0000
A,USD,STD,INDL,C,MU,2017-08-31,007343,10289.0000
A,USD,STD,INDL,C,MU,2018-08-31,007343,24405.0000
A,USD,STD,INDL,C,MU,2019-08-31,007343,30770.0000
A,USD,STD,INDL,C,MU,2020-08-31,007343,33455.0000
A,USD,STD,INDL,C,MU,2021-08-31,007343,39053.0000
A,USD,STD,INDL,C,MU,2022-08-31,007343,46714.0000
A,USD,STD,INDL,C,MU,2023-08-31,007343,40512.0000
A,USD,STD,INDL,C,MU,2024-08-31,007343,40743.0000
A,USD,STD,INDL,C,MU,2025-08-31,007343,48551.0000
I,USD,STD,INDL,C,MXIM,2015-06-30,014256,2261.8780
I,USD,STD,INDL,C,MXIM,2016-06-30,014256,2107.5300
I,USD,STD,INDL,C,MXIM,2017-06-30,014256,2202.4110
I,USD,STD,INDL,C,MXIM,2018-06-30,014256,1930.6610
I,USD,STD,INDL,C,MXIM,2019-06-30,014256,1845.0040
I,USD,STD,INDL,C,MXIM,2020-06-30,014256,1657.1910
I,USD,STD,INDL,C,MXIM,2021-06-30,014256,2357.6160
A,USD,STD,INDL,C,MXL,2015-12-31,184551,-122.0430
A,USD,STD,INDL,C,MXL,2016-12-31,184551,-61.4920
A,USD,STD,INDL,C,MXL,2017-12-31,184551,-68.0800
A,USD,STD,INDL,C,MXL,2018-12-31,184551,-93.3580
A,USD,STD,INDL,C,MXL,2019-12-31,184551,-114.6830
A,USD,STD,INDL,C,MXL,2020-12-31,184551,-210.9540
A,USD,STD,INDL,C,MXL,2021-12-31,184551,-168.2950
A,USD,STD,INDL,C,MXL,2022-12-31,184551,-46.4010
A,USD,STD,INDL,C,MXL,2023-12-31,184551,-122.3180
A,USD,STD,INDL,C,MXL,2024-12-31,184551,-370.5480
A,USD,STD,INDL,C,MXL,2025-12-31,184551,-499.3760
I,USD,STD,INDL,C,NATI,2015-12-31,031607,362.7410
I,USD,STD,INDL,C,NATI,2016-12-31,031607,341.5810
I,USD,STD,INDL,C,NATI,2017-12-31,031607,296.7320
I,USD,STD,INDL,C,NATI,2018-12-31,031607,339.4870
I,USD,STD,INDL,C,NATI,2019-12-31,031607,221.4670
I,USD,STD,INDL,C,NATI,2020-12-31,031607,190.2750
I,USD,STD,INDL,C,NATI,2021-12-31,031607,92.7270
I,USD,STD,INDL,C,NATI,2022-12-31,031607,-52.6060
A,USD,STD,INDL,C,NBIX,2015-12-31,062921,-916.2110
A,USD,STD,INDL,C,NBIX,2016-12-31,062921,-1056.6420
A,USD,STD,INDL,C,NBIX,2017-12-31,062921,-1200.7160
A,USD,STD,INDL,C,NBIX,2018-12-31,062921,-1179.6870
A,USD,STD,INDL,C,NBIX,2019-12-31,062921,-1131.2870
A,USD,STD,INDL,C,NBIX,2020-12-31,062921,-723.6000
A,USD,STD,INDL,C,NBIX,2021-12-31,062921,-637.5000
A,USD,STD,INDL,C,NBIX,2022-12-31,062921,-414.7000
A,USD,STD,INDL,C,NBIX,2023-12-31,062921,-150.1000
A,USD,STD,INDL,C,NBIX,2024-12-31,062921,35.0000
A,USD,STD,INDL,C,NBIX,2025-12-31,062921,460.8000
A,USD,STD,INDL,C,NKTR,2023-12-31,030137,-3477.1690
A,USD,STD,INDL,C,NKTR,2015-12-31,030137,-1869.6560
A,USD,STD,INDL,C,NKTR,2016-12-31,030137,-2023.3730
A,USD,STD,INDL,C,NKTR,2017-12-31,030137,-2120.0520
A,USD,STD,INDL,C,NKTR,2018-12-31,030137,-1430.3670
A,USD,STD,INDL,C,NKTR,2019-12-31,030137,-1865.7230
A,USD,STD,INDL,C,NKTR,2020-12-31,030137,-2311.4530
A,USD,STD,INDL,C,NKTR,2021-12-31,030137,-2837.1520
A,USD,STD,INDL,C,NKTR,2022-12-31,030137,-3208.1000
A,USD,STD,INDL,C,NKTR,2024-12-31,030137,-3596.1490
A,USD,STD,INDL,C,NKTR,2025-12-31,030137,-3760.2690
A,USD,STD,INDL,C,NOW,2015-12-31,171007,-573.8910
A,USD,STD,INDL,C,NOW,2016-12-31,171007,-1018.5230
A,USD,STD,INDL,C,NOW,2017-12-31,171007,-1147.4090
A,USD,STD,INDL,C,NOW,2018-12-31,171007,-982.8150
A,USD,STD,INDL,C,NOW,2019-12-31,171007,-326.9890
A,USD,STD,INDL,C,NOW,2020-12-31,171007,-139.5120
A,USD,STD,INDL,C,NOW,2021-12-31,171007,30.0000
A,USD,STD,INDL,C,NOW,2022-12-31,171007,236.0000
A,USD,STD,INDL,C,NOW,2023-12-31,171007,2032.0000
A,USD,STD,INDL,C,NOW,2024-12-31,171007,3426.0000
A,USD,STD,INDL,C,NOW,2025-12-31,171007,5261.0000
A,USD,STD,INDL,C,NTAP,2015-04-30,061591,29.5000
A,USD,STD,INDL,C,NTAP,2016-04-30,061591,-31.0000
A,USD,STD,INDL,C,NTAP,2017-04-30,061591,11.0000
A,USD,STD,INDL,C,NTAP,2018-04-30,061591,-288.0000
A,USD,STD,INDL,C,NTAP,2019-04-30,061591,-43.0000
A,USD,STD,INDL,C,NTAP,2020-04-30,061591,-42.0000
A,USD,STD,INDL,C,NTAP,2021-04-30,061591,181.0000
A,USD,STD,INDL,C,NTAP,2022-04-30,061591,78.0000
A,USD,STD,INDL,C,NTAP,2023-04-30,061591,214.0000
A,USD,STD,INDL,C,NTAP,2024-04-30,061591,149.0000
A,USD,STD,INDL,C,NTAP,2025-04-30,061591,-66.0000
I,USD,STD,INDL,C,NUAN,2015-09-30,061685,-867.3340
I,USD,STD,INDL,C,NUAN,2016-09-30,061685,-545.1650
I,USD,STD,INDL,C,NUAN,2017-09-30,061685,-681.3690
I,USD,STD,INDL,C,NUAN,2018-09-30,061685,-863.7000
I,USD,STD,INDL,C,NUAN,2019-09-30,061685,-426.3850
I,USD,STD,INDL,C,NUAN,2020-09-30,061685,-390.1340
I,USD,STD,INDL,C,NUAN,2021-09-30,061685,-403.5910
A,USD,STD,INDL,C,NVAX,2015-12-31,061655,-659.1540
A,USD,STD,INDL,C,NVAX,2016-12-31,061655,-941.8100
A,USD,STD,INDL,C,NVAX,2017-12-31,061655,-1122.9760
A,USD,STD,INDL,C,NVAX,2018-12-31,061655,-1310.2980
A,USD,STD,INDL,C,NVAX,2019-12-31,061655,-1444.3090
A,USD,STD,INDL,C,NVAX,2020-12-31,061655,-1867.1750
A,USD,STD,INDL,C,NVAX,2021-12-31,061655,-3619.3030
A,USD,STD,INDL,C,NVAX,2022-12-31,061655,-4282.2660
A,USD,STD,INDL,C,NVAX,2023-12-31,061655,-4818.2290
A,USD,STD,INDL,C,NVAX,2024-12-31,061655,-5031.0090
A,USD,STD,INDL,C,NVAX,2025-12-31,061655,-4566.1380
A,USD,STD,INDL,C,NVDA,2015-01-31,117768,3956.7210
A,USD,STD,INDL,C,NVDA,2016-01-31,117768,4346.0000
A,USD,STD,INDL,C,NVDA,2017-01-31,117768,6092.0000
A,USD,STD,INDL,C,NVDA,2018-01-31,117768,8769.0000
A,USD,STD,INDL,C,NVDA,2019-01-31,117768,12553.0000
A,USD,STD,INDL,C,NVDA,2020-01-31,117768,14972.0000
A,USD,STD,INDL,C,NVDA,2021-01-31,117768,18927.0000
A,USD,STD,INDL,C,NVDA,2022-01-31,117768,16224.0000
A,USD,STD,INDL,C,NVDA,2023-01-31,117768,10128.0000
A,USD,STD,INDL,C,NVDA,2024-01-31,117768,29844.0000
A,USD,STD,INDL,C,NVDA,2025-01-31,117768,68066.0000
A,USD,STD,INDL,C,NVO,2015-12-31,008020,6760.3280
A,USD,STD,INDL,C,NVO,2016-12-31,008020,6353.4960
A,USD,STD,INDL,C,NVO,2017-12-31,008020,7964.4130
A,USD,STD,INDL,C,NVO,2018-12-31,008020,7877.3380
A,USD,STD,INDL,C,NVO,2019-12-31,008020,8578.5870
A,USD,STD,INDL,C,NVO,2020-12-31,008020,10168.3360
A,USD,STD,INDL,C,NVO,2021-12-31,008020,10751.6080
A,USD,STD,INDL,C,NVO,2022-12-31,008020,11930.6070
A,USD,STD,INDL,C,NVO,2023-12-31,008020,15737.1230
A,USD,STD,INDL,C,NVO,2024-12-31,008020,19856.9880
A,USD,STD,INDL,C,NVO,2025-12-31,008020,30436.5420
A,USD,STD,INDL,C,NXPI,2015-12-31,184725,-3361.0000
A,USD,STD,INDL,C,NXPI,2016-12-31,184725,-3900.0000
A,USD,STD,INDL,C,NXPI,2017-12-31,184725,-2162.0000
A,USD,STD,INDL,C,NXPI,2018-12-31,184725,-1784.0000
A,USD,STD,INDL,C,NXPI,2019-12-31,184725,-2770.0000
A,USD,STD,INDL,C,NXPI,2020-12-31,184725,-4211.0000
A,USD,STD,INDL,C,NXPI,2021-12-31,184725,-5323.0000
A,USD,STD,INDL,C,NXPI,2022-12-31,184725,-3899.0000
A,USD,STD,INDL,C,NXPI,2023-12-31,184725,-2703.0000
A,USD,STD,INDL,C,NXPI,2024-12-31,184725,-1831.0000
A,USD,STD,INDL,C,NXPI,2025-12-31,184725,-1141.0000
A,USD,STD,INDL,C,OGN,2019-12-31,038821,
A,USD,STD,INDL,C,OGN,2020-12-31,038821,
A,USD,STD,INDL,C,OGN,2021-12-31,038821,-1511.0000
A,USD,STD,INDL,C,OGN,2022-12-31,038821,-895.0000
A,USD,STD,INDL,C,OGN,2023-12-31,038821,-98.0000
A,USD,STD,INDL,C,OGN,2024-12-31,038821,361.0000
A,USD,STD,INDL,C,OGN,2025-12-31,038821,582.0000
A,USD,STD,INDL,C,ON,2015-12-31,134932,-751.7000
A,USD,STD,INDL,C,ON,2016-12-31,134932,-577.5000
A,USD,STD,INDL,C,ON,2017-12-31,134932,310.9000
A,USD,STD,INDL,C,ON,2018-12-31,134932,941.7000
A,USD,STD,INDL,C,ON,2019-12-31,134932,1137.0000
A,USD,STD,INDL,C,ON,2020-12-31,134932,1367.9000
A,USD,STD,INDL,C,ON,2021-12-31,134932,2394.5000
A,USD,STD,INDL,C,ON,2022-12-31,134932,4341.2000
A,USD,STD,INDL,C,ON,2023-12-31,134932,6502.9000
A,USD,STD,INDL,C,ON,2024-12-31,134932,8058.5000
A,USD,STD,INDL,C,ON,2025-12-31,134932,8186.4000
A,USD,STD,INDL,C,ONC,2015-12-31,026376,-120.0040
A,USD,STD,INDL,C,ONC,2016-12-31,026376,-238.3580
A,USD,STD,INDL,C,ONC,2017-12-31,026376,-330.9970
A,USD,STD,INDL,C,ONC,2018-12-31,026376,-1005.6890
A,USD,STD,INDL,C,ONC,2019-12-31,026376,-1963.8440
A,USD,STD,INDL,C,ONC,2020-12-31,026376,-3545.8070
A,USD,STD,INDL,C,ONC,2021-12-31,026376,-4948.1530
A,USD,STD,INDL,C,ONC,2022-12-31,026376,-7157.7590
A,USD,STD,INDL,C,ONC,2023-12-31,026376,-8061.4960
A,USD,STD,INDL,C,ONC,2024-12-31,026376,-8755.8240
A,USD,STD,INDL,C,ONC,2025-12-31,026376,-8398.0870
A,USD,STD,INDL,C,ORCL,2015-05-31,012142,25507.0000
A,USD,STD,INDL,C,ORCL,2016-05-31,012142,23072.0000
A,USD,STD,INDL,C,ORCL,2017-05-31,012142,26795.0000
A,USD,STD,INDL,C,ORCL,2018-05-31,012142,16776.0000
A,USD,STD,INDL,C,ORCL,2019-05-31,012142,-5124.0000
A,USD,STD,INDL,C,ORCL,2020-05-31,012142,-14412.0000
A,USD,STD,INDL,C,ORCL,2021-05-31,012142,-21295.0000
A,USD,STD,INDL,C,ORCL,2022-05-31,012142,-33028.0000
A,USD,STD,INDL,C,ORCL,2023-05-31,012142,-29142.0000
A,USD,STD,INDL,C,ORCL,2024-05-31,012142,-24060.0000
A,USD,STD,INDL,C,ORCL,2025-05-31,012142,-16656.0000
A,USD,STD,INDL,C,P,2015-01-31,025756,-341.5830
A,USD,STD,INDL,C,P,2016-01-31,025756,-555.3350
A,USD,STD,INDL,C,P,2017-01-31,025756,-803.0420
A,USD,STD,INDL,C,P,2018-01-31,025756,-981.9990
A,USD,STD,INDL,C,P,2019-01-31,025756,-1082.2870
A,USD,STD,INDL,C,P,2020-01-31,025756,-1277.4870
A,USD,STD,INDL,C,P,2021-01-31,025756,-1557.6020
A,USD,STD,INDL,C,P,2022-01-31,025756,-1716.6360
A,USD,STD,INDL,C,P,2023-01-31,025756,-1552.5660
A,USD,STD,INDL,C,P,2024-01-31,025756,-1479.5330
A,USD,STD,INDL,C,P,2025-01-31,025756,-1368.0580
A,USD,STD,INDL,C,PATH,2019-01-31,038646,
A,USD,STD,INDL,C,PATH,2020-01-31,038646,-871.7410
A,USD,STD,INDL,C,PATH,2021-01-31,038646,-982.8810
A,USD,STD,INDL,C,PATH,2022-01-31,038646,-1485.0470
A,USD,STD,INDL,C,PATH,2023-01-31,038646,-1816.6860
A,USD,STD,INDL,C,PATH,2024-01-31,038646,-1905.3560
A,USD,STD,INDL,C,PATH,2025-01-31,038646,-1992.7650
A,USD,STD,INDL,C,PBH,2015-03-31,162335,203.9930
A,USD,STD,INDL,C,PBH,2016-03-31,162335,303.7870
A,USD,STD,INDL,C,PBH,2017-03-31,162335,370.3550
A,USD,STD,INDL,C,PBH,2018-03-31,162335,716.9620
A,USD,STD,INDL,C,PBH,2019-03-31,162335,676.0730
A,USD,STD,INDL,C,PBH,2020-03-31,162335,799.9400
A,USD,STD,INDL,C,PBH,2021-03-31,162335,988.9820
A,USD,STD,INDL,C,PBH,2022-03-31,162335,1195.1320
A,USD,STD,INDL,C,PBH,2023-03-31,162335,1100.2940
A,USD,STD,INDL,C,PBH,2024-03-31,162335,1306.7020
A,USD,STD,INDL,C,PBH,2025-03-31,162335,1518.1430
A,USD,STD,INDL,C,PEGA,2015-12-31,063290,176.6760
A,USD,STD,INDL,C,PEGA,2016-12-31,063290,191.2200
A,USD,STD,INDL,C,PEGA,2017-12-31,063290,218.2000
A,USD,STD,INDL,C,PEGA,2018-12-31,063290,497.5410
A,USD,STD,INDL,C,PEGA,2019-12-31,063290,397.6910
A,USD,STD,INDL,C,PEGA,2020-12-31,063290,336.9310
A,USD,STD,INDL,C,PEGA,2021-12-31,063290,269.4610
A,USD,STD,INDL,C,PEGA,2022-12-31,063290,-99.5830
A,USD,STD,INDL,C,PEGA,2023-12-31,063290,-26.5840
A,USD,STD,INDL,C,PEGA,2024-12-31,063290,57.6560
A,USD,STD,INDL,C,PEGA,2025-12-31,063290,454.7520
A,USD,STD,INDL,C,PENG,2015-08-31,031494,-133.1800
A,USD,STD,INDL,C,PENG,2016-08-31,031494,-146.9370
A,USD,STD,INDL,C,PENG,2017-08-31,031494,-150.4190
A,USD,STD,INDL,C,PENG,2018-08-31,031494,-63.7410
A,USD,STD,INDL,C,PENG,2019-08-31,031494,-13.2460
A,USD,STD,INDL,C,PENG,2020-08-31,031494,-64.7640
A,USD,STD,INDL,C,PENG,2021-08-31,031494,-36.8280
A,USD,STD,INDL,C,PENG,2022-08-31,031494,29.6890
A,USD,STD,INDL,C,PENG,2023-08-31,031494,-123.5070
A,USD,STD,INDL,C,PENG,2024-08-31,031494,29.9950
A,USD,STD,INDL,C,PENG,2025-08-31,031494,46.7270
A,USD,STD,INDL,C,PFE,2015-12-31,008530,62471.0000
A,USD,STD,INDL,C,PFE,2016-12-31,008530,60738.0000
A,USD,STD,INDL,C,PFE,2017-12-31,008530,75970.0000
A,USD,STD,INDL,C,PFE,2018-12-31,008530,78279.0000
A,USD,STD,INDL,C,PFE,2019-12-31,008530,86030.0000
A,USD,STD,INDL,C,PFE,2020-12-31,008530,85082.0000
A,USD,STD,INDL,C,PFE,2021-12-31,008530,97498.0000
A,USD,STD,INDL,C,PFE,2022-12-31,008530,117352.0000
A,USD,STD,INDL,C,PFE,2023-12-31,008530,110392.0000
A,USD,STD,INDL,C,PFE,2024-12-31,008530,108883.0000
A,USD,STD,INDL,C,PFE,2025-12-31,008530,106541.0000
I,USD,STD,INDL,C,PFPT,2015-12-31,170335,-380.7250
I,USD,STD,INDL,C,PFPT,2016-12-31,170335,-469.1150
I,USD,STD,INDL,C,PFPT,2017-12-31,170335,-554.4530
I,USD,STD,INDL,C,PFPT,2018-12-31,170335,-595.4250
I,USD,STD,INDL,C,PFPT,2019-12-31,170335,-725.5930
I,USD,STD,INDL,C,PFPT,2020-12-31,170335,-889.4030
A,USD,STD,INDL,C,PLXS,2015-09-30,012945,854.2460
A,USD,STD,INDL,C,PLXS,2016-09-30,012945,925.6050
A,USD,STD,INDL,C,PLXS,2017-09-30,012945,1044.2270
A,USD,STD,INDL,C,PLXS,2018-09-30,012945,1050.2670
A,USD,STD,INDL,C,PLXS,2019-09-30,012945,1160.8930
A,USD,STD,INDL,C,PLXS,2020-09-30,012945,1290.0200
A,USD,STD,INDL,C,PLXS,2021-09-30,012945,1431.0070
A,USD,STD,INDL,C,PLXS,2022-09-30,012945,1536.2060
A,USD,STD,INDL,C,PLXS,2023-09-30,012945,1686.9980
A,USD,STD,INDL,C,PLXS,2024-09-30,012945,1833.7570
A,USD,STD,INDL,C,PLXS,2025-09-30,012945,2013.8390
I,USD,STD,INDL,C,PPD,2015-12-31,036049,
I,USD,STD,INDL,C,PPD,2016-12-31,036049,
I,USD,STD,INDL,C,PPD,2017-12-31,036049,-1516.4920
I,USD,STD,INDL,C,PPD,2018-12-31,036049,-1557.9680
I,USD,STD,INDL,C,PPD,2019-12-31,036049,-2690.2250
I,USD,STD,INDL,C,PPD,2020-12-31,036049,-2556.6530
I,USD,STD,INDL,C,PRAH,2015-12-31,021739,-126.2270
I,USD,STD,INDL,C,PRAH,2016-12-31,021739,-150.4310
I,USD,STD,INDL,C,PRAH,2017-12-31,021739,24.7120
I,USD,STD,INDL,C,PRAH,2018-12-31,021739,83.8410
I,USD,STD,INDL,C,PRAH,2019-12-31,021739,83.1740
I,USD,STD,INDL,C,PRAH,2020-12-31,021739,341.5120
A,USD,STD,INDL,C,PRGO,2015-06-30,024782,2040.7000
A,USD,STD,INDL,C,PRGO,2016-12-31,024782,-2176.9000
A,USD,STD,INDL,C,PRGO,2017-12-31,024782,-1722.4000
A,USD,STD,INDL,C,PRGO,2018-12-31,024782,-1753.7000
A,USD,STD,INDL,C,PRGO,2019-12-31,024782,-1556.1000
A,USD,STD,INDL,C,PRGO,2020-12-31,024782,-1463.1000
A,USD,STD,INDL,C,PRGO,2021-12-31,024782,-1891.5000
A,USD,STD,INDL,C,PRGO,2022-12-31,024782,-2094.6000
A,USD,STD,INDL,C,PRGO,2023-12-31,024782,-2069.6000
A,USD,STD,INDL,C,PRGO,2024-12-31,024782,-2414.5000
A,USD,STD,INDL,C,PRGO,2025-12-31,024782,-3672.7000
I,USD,STD,INDL,C,PRXL,2015-06-30,061600,626.9970
I,USD,STD,INDL,C,PRXL,2016-06-30,061600,601.5000
I,USD,STD,INDL,C,PRXL,2017-06-30,061600,612.0000
A,USD,STD,INDL,C,PTC,2015-09-30,018699,-694.3560
A,USD,STD,INDL,C,PTC,2016-09-30,018699,-757.0320
A,USD,STD,INDL,C,PTC,2017-09-30,018699,-724.7470
A,USD,STD,INDL,C,PTC,2018-09-30,018699,-684.9940
A,USD,STD,INDL,C,PTC,2019-09-30,018699,-302.1000
A,USD,STD,INDL,C,PTC,2020-09-30,018699,-165.6410
A,USD,STD,INDL,C,PTC,2021-09-30,018699,318.7920
A,USD,STD,INDL,C,PTC,2022-09-30,018699,574.2790
A,USD,STD,INDL,C,PTC,2023-09-30,018699,855.1970
A,USD,STD,INDL,C,PTC,2024-09-30,018699,1247.8890
A,USD,STD,INDL,C,PTC,2025-09-30,018699,2002.4440
A,USD,STD,INDL,C,PTCT,2015-12-31,174134,-594.1980
A,USD,STD,INDL,C,PTCT,2016-12-31,174134,-736.5930
A,USD,STD,INDL,C,PTCT,2017-12-31,174134,-810.1390
A,USD,STD,INDL,C,PTCT,2018-12-31,174134,-937.4610
A,USD,STD,INDL,C,PTCT,2019-12-31,174134,-1201.0830
A,USD,STD,INDL,C,PTCT,2020-12-31,174134,-1689.8340
A,USD,STD,INDL,C,PTCT,2021-12-31,174134,-2122.2390
A,USD,STD,INDL,C,PTCT,2022-12-31,174134,-2652.1780
A,USD,STD,INDL,C,PTCT,2023-12-31,174134,-3284.8630
A,USD,STD,INDL,C,PTCT,2024-12-31,174134,-3672.7590
A,USD,STD,INDL,C,PTCT,2025-12-31,174134,-2953.7280
A,USD,STD,INDL,C,Q,2022-12-31,074813,
A,USD,STD,INDL,C,Q,2023-12-31,074813,
A,USD,STD,INDL,C,Q,2024-12-31,074813,
A,USD,STD,INDL,C,Q,2025-12-31,074813,-195.0000
A,USD,STD,INDL,C,QCOM,2015-09-30,024800,31421.0000
A,USD,STD,INDL,C,QCOM,2016-09-30,024800,31364.0000
A,USD,STD,INDL,C,QCOM,2017-09-30,024800,30472.0000
A,USD,STD,INDL,C,QCOM,2018-09-30,024800,928.0000
A,USD,STD,INDL,C,QCOM,2019-09-30,024800,4566.0000
A,USD,STD,INDL,C,QCOM,2020-09-30,024800,5491.0000
A,USD,STD,INDL,C,QCOM,2021-09-30,024800,9950.0000
A,USD,STD,INDL,C,QCOM,2022-09-30,024800,17818.0000
A,USD,STD,INDL,C,QCOM,2023-09-30,024800,21091.0000
A,USD,STD,INDL,C,QCOM,2024-09-30,024800,26274.0000
A,USD,STD,INDL,C,QCOM,2025-09-30,024800,21206.0000
A,USD,STD,INDL,C,QRVO,2015-03-31,064853,-411.0870
A,USD,STD,INDL,C,QRVO,2016-03-31,064853,-442.9410
A,USD,STD,INDL,C,QRVO,2017-03-31,064853,-460.6720
A,USD,STD,INDL,C,QRVO,2018-03-31,064853,-461.5210
A,USD,STD,INDL,C,QRVO,2019-03-31,064853,-327.7760
A,USD,STD,INDL,C,QRVO,2020-03-31,064853,2.2880
A,USD,STD,INDL,C,QRVO,2021-03-31,064853,384.6850
A,USD,STD,INDL,C,QRVO,2022-03-31,064853,517.3690
A,USD,STD,INDL,C,QRVO,2023-03-31,064853,81.3200
A,USD,STD,INDL,C,QRVO,2024-03-31,064853,-94.6950
A,USD,STD,INDL,C,QRVO,2025-03-31,064853,-38.9960
A,USD,STD,INDL,C,REGN,2015-12-31,023812,861.2720
A,USD,STD,INDL,C,REGN,2016-12-31,023812,1735.3820
A,USD,STD,INDL,C,REGN,2017-12-31,023812,2947.3730
A,USD,STD,INDL,C,REGN,2018-12-31,023812,5242.0000
A,USD,STD,INDL,C,REGN,2019-12-31,023812,7400.9000
A,USD,STD,INDL,C,REGN,2020-12-31,023812,10922.3000
A,USD,STD,INDL,C,REGN,2021-12-31,023812,18942.1000
A,USD,STD,INDL,C,REGN,2022-12-31,023812,23067.9000
A,USD,STD,INDL,C,REGN,2023-12-31,023812,27179.4000
A,USD,STD,INDL,C,REGN,2024-12-31,023812,31665.0000
A,USD,STD,INDL,C,REGN,2025-12-31,023812,35874.6000
I,USD,STD,INDL,C,RHT,2015-02-28,122841,839.7520
I,USD,STD,INDL,C,RHT,2016-02-29,122841,1025.2890
I,USD,STD,INDL,C,RHT,2017-02-28,122841,1264.6390
I,USD,STD,INDL,C,RHT,2018-02-28,122841,1579.1980
I,USD,STD,INDL,C,RHT,2019-02-28,122841,2011.4470
A,USD,STD,INDL,C,RPRX,2016-12-31,036474,
A,USD,STD,INDL,C,RPRX,2017-12-31,036474,
A,USD,STD,INDL,C,RPRX,2018-12-31,036474,1205.6980
A,USD,STD,INDL,C,RPRX,2019-12-31,036474,2823.0390
A,USD,STD,INDL,C,RPRX,2020-12-31,036474,1952.7130
A,USD,STD,INDL,C,RPRX,2021-12-31,036474,2268.9550
A,USD,STD,INDL,C,RPRX,2022-12-31,036474,1961.8830
A,USD,STD,INDL,C,RPRX,2023-12-31,036474,2514.9540
A,USD,STD,INDL,C,RPRX,2024-12-31,036474,2842.9910
A,USD,STD,INDL,C,RPRX,2025-12-31,036474,2353.7060
I,USD,STD,INDL,C,SAGE,2015-12-31,020943,-161.3400
I,USD,STD,INDL,C,SAGE,2016-12-31,020943,-320.4290
I,USD,STD,INDL,C,SAGE,2017-12-31,020943,-590.4760
I,USD,STD,INDL,C,SAGE,2018-12-31,020943,-963.8440
I,USD,STD,INDL,C,SAGE,2019-12-31,020943,-1642.2720
I,USD,STD,INDL,C,SAGE,2020-12-31,020943,-1037.0790
I,USD,STD,INDL,C,SAGE,2021-12-31,020943,-1498.0460
I,USD,STD,INDL,C,SAGE,2022-12-31,020943,-2038.3760
I,USD,STD,INDL,C,SAGE,2023-12-31,020943,-2570.4730
I,USD,STD,INDL,C,SAGE,2024-12-31,020943,-2970.0810
A,USD,STD,INDL,C,SANM,2015-09-30,028139,-4240.5580
A,USD,STD,INDL,C,SANM,2016-09-30,028139,-4053.9100
A,USD,STD,INDL,C,SANM,2017-09-30,028139,-3903.6640
A,USD,STD,INDL,C,SANM,2018-09-30,028139,-3958.7780
A,USD,STD,INDL,C,SANM,2019-09-30,028139,-3820.8180
A,USD,STD,INDL,C,SANM,2020-09-30,028139,-3688.4780
A,USD,STD,INDL,C,SANM,2021-09-30,028139,-3413.6760
A,USD,STD,INDL,C,SANM,2022-09-30,028139,-3183.6530
A,USD,STD,INDL,C,SANM,2023-09-30,028139,-2859.1290
A,USD,STD,INDL,C,SANM,2024-09-30,028139,-2640.7310
A,USD,STD,INDL,C,SANM,2025-09-30,028139,-2391.9590
A,USD,STD,INDL,C,SAP,2015-12-31,103487,24545.6840
A,USD,STD,INDL,C,SAP,2016-12-31,103487,27062.7140
A,USD,STD,INDL,C,SAP,2017-12-31,103487,30416.8630
A,USD,STD,INDL,C,SAP,2018-12-31,103487,32791.0120
A,USD,STD,INDL,C,SAP,2019-12-31,103487,34286.0470
A,USD,STD,INDL,C,SAP,2020-12-31,103487,37385.0480
A,USD,STD,INDL,C,SAP,2021-12-31,103487,44104.3540
A,USD,STD,INDL,C,SAP,2022-12-31,103487,42981.6060
A,USD,STD,INDL,C,SAP,2023-12-31,103487,49546.0010
A,USD,STD,INDL,C,SAP,2024-12-31,103487,49281.9150
A,USD,STD,INDL,C,SAP,2025-12-31,103487,55802.6600
A,USD,STD,INDL,C,SEDG,2015-06-30,023119,-120.2120
A,USD,STD,INDL,C,SEDG,2016-06-30,023119,-43.1100
A,USD,STD,INDL,C,SEDG,2017-12-31,023119,65.5610
A,USD,STD,INDL,C,SEDG,2018-12-31,023119,190.6090
A,USD,STD,INDL,C,SEDG,2019-12-31,023119,335.8730
A,USD,STD,INDL,C,SEDG,2020-12-31,023119,481.8610
A,USD,STD,INDL,C,SEDG,2021-12-31,023119,622.7390
A,USD,STD,INDL,C,SEDG,2022-12-31,023119,670.7280
A,USD,STD,INDL,C,SEDG,2023-12-31,023119,731.2810
A,USD,STD,INDL,C,SEDG,2024-12-31,023119,-1104.6680
A,USD,STD,INDL,C,SEDG,2025-12-31,023119,-1445.3020
I,USD,STD,INDL,C,SGEN,2015-12-31,141460,-927.6120
I,USD,STD,INDL,C,SGEN,2016-12-31,141460,-1067.1030
I,USD,STD,INDL,C,SGEN,2017-12-31,141460,-1128.7340
I,USD,STD,INDL,C,SGEN,2018-12-31,141460,-1324.6280
I,USD,STD,INDL,C,SGEN,2019-12-31,141460,-1483.0090
I,USD,STD,INDL,C,SGEN,2020-12-31,141460,-869.0030
I,USD,STD,INDL,C,SGEN,2021-12-31,141460,-1542.8600
I,USD,STD,INDL,C,SGEN,2022-12-31,141460,-2150.8370
A,USD,STD,INDL,C,SLAB,2015-12-31,133288,747.2420
A,USD,STD,INDL,C,SLAB,2016-12-31,133288,802.4910
A,USD,STD,INDL,C,SLAB,2017-12-31,133288,850.1500
A,USD,STD,INDL,C,SLAB,2018-12-31,133288,959.7690
A,USD,STD,INDL,C,SLAB,2019-12-31,133288,981.2540
A,USD,STD,INDL,C,SLAB,2020-12-31,133288,995.4780
A,USD,STD,INDL,C,SLAB,2021-12-31,133288,2212.4200
A,USD,STD,INDL,C,SLAB,2022-12-31,133288,1405.0050
A,USD,STD,INDL,C,SLAB,2023-12-31,133288,1191.7060
A,USD,STD,INDL,C,SLAB,2024-12-31,133288,1001.7910
A,USD,STD,INDL,C,SLAB,2025-12-31,133288,937.0130
I,USD,STD,INDL,C,SLH,2015-06-30,177429,-351.7790
A,USD,STD,INDL,C,SNDK,2022-06-30,051008,
A,USD,STD,INDL,C,SNDK,2023-06-30,051008,
A,USD,STD,INDL,C,SNDK,2024-06-30,051008,
A,USD,STD,INDL,C,SNDK,2025-06-30,051008,-2033.0000
A,USD,STD,INDL,C,SNPS,2015-10-31,024975,1620.3520
A,USD,STD,INDL,C,SNPS,2016-10-31,024975,1843.0080
A,USD,STD,INDL,C,SNPS,2017-10-31,024975,2077.8940
A,USD,STD,INDL,C,SNPS,2018-10-31,024975,2430.5110
A,USD,STD,INDL,C,SNPS,2019-10-31,024975,3071.6970
A,USD,STD,INDL,C,SNPS,2020-10-31,024975,3741.3230
A,USD,STD,INDL,C,SNPS,2021-10-31,024975,4500.1090
A,USD,STD,INDL,C,SNPS,2022-10-31,024975,5300.0300
A,USD,STD,INDL,C,SNPS,2023-10-31,024975,6545.2850
A,USD,STD,INDL,C,SNPS,2024-10-31,024975,8803.7250
A,USD,STD,INDL,C,SNPS,2025-10-31,024975,10083.0730
I,USD,STD,INDL,C,SPLK,2015-01-31,170616,-387.6600
I,USD,STD,INDL,C,SPLK,2016-01-31,170616,-669.3650
I,USD,STD,INDL,C,SPLK,2017-01-31,170616,-1023.7970
I,USD,STD,INDL,C,SPLK,2018-01-31,170616,-1279.7310
I,USD,STD,INDL,C,SPLK,2019-01-31,170616,-1234.5500
I,USD,STD,INDL,C,SPLK,2020-01-31,170616,-1566.7830
I,USD,STD,INDL,C,SPLK,2021-01-31,170616,-2470.0430
I,USD,STD,INDL,C,SPLK,2022-01-31,170616,-3809.7470
I,USD,STD,INDL,C,SPLK,2023-01-31,170616,-3793.0980
I,USD,STD,INDL,C,SPLK,2024-01-31,170616,-3524.2040
A,USD,STD,INDL,C,SRPT,2015-12-31,064857,-899.1660
A,USD,STD,INDL,C,SRPT,2016-12-31,064857,-1166.4400
A,USD,STD,INDL,C,SRPT,2017-12-31,064857,-1217.3870
A,USD,STD,INDL,C,SRPT,2018-12-31,064857,-1579.0250
A,USD,STD,INDL,C,SRPT,2019-12-31,064857,-2293.9510
A,USD,STD,INDL,C,SRPT,2020-12-31,064857,-2848.1260
A,USD,STD,INDL,C,SRPT,2021-12-31,064857,-3206.7680
A,USD,STD,INDL,C,SRPT,2022-12-31,064857,-3911.9000
A,USD,STD,INDL,C,SRPT,2023-12-31,064857,-4445.2950
A,USD,STD,INDL,C,SRPT,2024-12-31,064857,-4211.1920
A,USD,STD,INDL,C,SRPT,2025-12-31,064857,-4876.7120
A,USD,STD,INDL,C,STX,2015-06-30,150937,-2716.0000
A,USD,STD,INDL,C,STX,2016-06-30,150937,-4336.0000
A,USD,STD,INDL,C,STX,2017-06-30,150937,-4788.0000
A,USD,STD,INDL,C,STX,2018-06-30,150937,-4712.0000
A,USD,STD,INDL,C,STX,2019-06-30,150937,-4383.0000
A,USD,STD,INDL,C,STX,2020-06-30,150937,-4970.0000
A,USD,STD,INDL,C,STX,2021-06-30,150937,-6346.0000
A,USD,STD,INDL,C,STX,2022-06-30,150937,-7081.0000
A,USD,STD,INDL,C,STX,2023-06-30,150937,-8572.0000
A,USD,STD,INDL,C,STX,2024-06-30,150937,-8962.0000
A,USD,STD,INDL,C,STX,2025-06-30,150937,-8159.0000
A,USD,STD,INDL,C,SWKS,2015-09-30,001327,1461.0000
A,USD,STD,INDL,C,SWKS,2016-09-30,001327,2252.7000
A,USD,STD,INDL,C,SWKS,2017-09-30,001327,3051.1000
A,USD,STD,INDL,C,SWKS,2018-09-30,001327,3724.1000
A,USD,STD,INDL,C,SWKS,2019-09-30,001327,4304.7000
A,USD,STD,INDL,C,SWKS,2020-09-30,001327,4812.6000
A,USD,STD,INDL,C,SWKS,2021-09-30,001327,5177.9000
A,USD,STD,INDL,C,SWKS,2022-09-30,001327,5417.1000
A,USD,STD,INDL,C,SWKS,2023-09-30,001327,5870.4000
A,USD,STD,INDL,C,SWKS,2024-09-30,001327,6027.3000
A,USD,STD,INDL,C,SWKS,2025-09-30,001327,5651.8000
A,USD,STD,INDL,C,SYNA,2015-06-30,142814,600.9000
A,USD,STD,INDL,C,SYNA,2016-06-30,142814,668.6000
A,USD,STD,INDL,C,SYNA,2017-06-30,142814,715.6000
A,USD,STD,INDL,C,SYNA,2018-06-30,142814,607.9000
A,USD,STD,INDL,C,SYNA,2019-06-30,142814,583.5000
A,USD,STD,INDL,C,SYNA,2020-06-30,142814,701.4000
A,USD,STD,INDL,C,SYNA,2021-06-30,142814,781.0000
A,USD,STD,INDL,C,SYNA,2022-06-30,142814,1036.7000
A,USD,STD,INDL,C,SYNA,2023-06-30,142814,1112.1000
A,USD,STD,INDL,C,SYNA,2024-06-30,142814,1237.7000
A,USD,STD,INDL,C,SYNA,2025-06-30,142814,1189.9000
I,USD,STD,INDL,C,SYNH,2015-12-31,022039,-343.0150
I,USD,STD,INDL,C,SYNH,2016-12-31,022039,-272.2410
I,USD,STD,INDL,C,SYNH,2017-12-31,022039,-392.8540
I,USD,STD,INDL,C,SYNH,2018-12-31,022039,-547.5280
I,USD,STD,INDL,C,SYNH,2019-12-31,022039,-412.8560
I,USD,STD,INDL,C,SYNH,2020-12-31,022039,-220.6740
I,USD,STD,INDL,C,SYNH,2021-12-31,022039,-62.5710
I,USD,STD,INDL,C,SYNH,2022-12-31,022039,33.8200
A,USD,STD,INDL,C,TECH,2015-06-30,015414,683.2580
A,USD,STD,INDL,C,TECH,2016-06-30,015414,700.1480
A,USD,STD,INDL,C,TECH,2017-06-30,015414,750.0920
A,USD,STD,INDL,C,TECH,2018-06-30,015414,832.1170
A,USD,STD,INDL,C,TECH,2019-06-30,015414,848.4130
A,USD,STD,INDL,C,TECH,2020-06-30,015414,960.2710
A,USD,STD,INDL,C,TECH,2021-06-30,015414,1028.1700
A,USD,STD,INDL,C,TECH,2022-06-30,015414,1047.7210
A,USD,STD,INDL,C,TECH,2023-06-30,015414,1243.3970
A,USD,STD,INDL,C,TECH,2024-06-30,015414,1246.9310
A,USD,STD,INDL,C,TECH,2025-06-30,015414,1006.1690
A,USD,STD,INDL,C,TSM,2015-12-31,201395,27632.4390
A,USD,STD,INDL,C,TSM,2016-12-31,201395,32206.0060
A,USD,STD,INDL,C,TSM,2017-12-31,201395,39748.4380
A,USD,STD,INDL,C,TSM,2018-12-31,201395,43933.0860
A,USD,STD,INDL,C,TSM,2019-12-31,201395,43391.1720
A,USD,STD,INDL,C,TSM,2020-12-31,201395,53701.4310
A,USD,STD,INDL,C,TSM,2021-12-31,201395,65862.4720
A,USD,STD,INDL,C,TSM,2022-12-31,201395,83805.4460
A,USD,STD,INDL,C,TSM,2023-12-31,201395,101205.3140
A,USD,STD,INDL,C,TSM,2024-12-31,201395,119380.9860
A,USD,STD,INDL,C,TTMI,2015-12-31,139804,73.3980
A,USD,STD,INDL,C,TTMI,2016-12-31,139804,62.3070
A,USD,STD,INDL,C,TTMI,2017-12-31,139804,234.2530
A,USD,STD,INDL,C,TTMI,2018-12-31,139804,429.0880
A,USD,STD,INDL,C,TTMI,2019-12-31,139804,464.2230
A,USD,STD,INDL,C,TTMI,2020-12-31,139804,612.9310
A,USD,STD,INDL,C,TTMI,2021-12-31,139804,679.0030
A,USD,STD,INDL,C,TTMI,2022-12-31,139804,776.0510
A,USD,STD,INDL,C,TTMI,2023-12-31,139804,753.0560
A,USD,STD,INDL,C,TTMI,2024-12-31,139804,810.5400
A,USD,STD,INDL,C,TTMI,2025-12-31,139804,984.9400
A,USD,STD,INDL,C,TTWO,2015-03-31,064630,-189.3190
A,USD,STD,INDL,C,TTWO,2016-03-31,064630,-204.8930
A,USD,STD,INDL,C,TTWO,2017-03-31,064630,-146.8360
A,USD,STD,INDL,C,TTWO,2018-03-31,064630,57.7840
A,USD,STD,INDL,C,TTWO,2019-03-31,064630,840.4370
A,USD,STD,INDL,C,TTWO,2020-03-31,064630,1223.7090
A,USD,STD,INDL,C,TTWO,2021-03-31,064630,1862.3070
A,USD,STD,INDL,C,TTWO,2022-03-31,064630,2231.6480
A,USD,STD,INDL,C,TTWO,2023-03-31,064630,1051.0000
A,USD,STD,INDL,C,TTWO,2024-03-31,064630,-2685.0000
A,USD,STD,INDL,C,TTWO,2025-03-31,064630,-7155.7000
I,USD,STD,INDL,C,TWKS,2019-12-31,039482,17.1080
I,USD,STD,INDL,C,TWKS,2020-12-31,039482,104.8690
I,USD,STD,INDL,C,TWKS,2021-12-31,039482,-53.0710
I,USD,STD,INDL,C,TWKS,2022-12-31,039482,-162.7240
I,USD,STD,INDL,C,TWKS,2023-12-31,039482,-231.7460
A,USD,STD,INDL,C,TXN,2015-12-31,010499,30644.0000
A,USD,STD,INDL,C,TXN,2016-12-31,010499,32581.0000
A,USD,STD,INDL,C,TXN,2017-12-31,010499,34278.0000
A,USD,STD,INDL,C,TXN,2018-12-31,010499,37433.0000
A,USD,STD,INDL,C,TXN,2019-12-31,010499,39551.0000
A,USD,STD,INDL,C,TXN,2020-12-31,010499,41691.0000
A,USD,STD,INDL,C,TXN,2021-12-31,010499,45762.0000
A,USD,STD,INDL,C,TXN,2022-12-31,010499,50099.0000
A,USD,STD,INDL,C,TXN,2023-12-31,010499,52078.0000
A,USD,STD,INDL,C,TXN,2024-12-31,010499,52122.0000
A,USD,STD,INDL,C,TXN,2025-12-31,010499,52151.0000
A,USD,STD,INDL,C,U,2018-12-31,036898,-355.4770
A,USD,STD,INDL,C,U,2019-12-31,036898,-518.8220
A,USD,STD,INDL,C,U,2020-12-31,036898,-800.9160
A,USD,STD,INDL,C,U,2021-12-31,036898,-1335.4850
A,USD,STD,INDL,C,U,2022-12-31,036898,-2251.5100
A,USD,STD,INDL,C,U,2023-12-31,036898,-3076.8390
A,USD,STD,INDL,C,U,2024-12-31,036898,-3745.3690
A,USD,STD,INDL,C,U,2025-12-31,036898,-4140.8650
A,USD,STD,INDL,C,UCTT,2015-12-31,264416,27.9680
A,USD,STD,INDL,C,UCTT,2016-12-31,264416,37.6540
A,USD,STD,INDL,C,UCTT,2017-12-31,264416,114.9690
A,USD,STD,INDL,C,UCTT,2018-12-31,264416,149.1710
A,USD,STD,INDL,C,UCTT,2019-12-31,264416,139.0000
A,USD,STD,INDL,C,UCTT,2020-12-31,264416,223.0000
A,USD,STD,INDL,C,UCTT,2021-12-31,264416,337.2000
A,USD,STD,INDL,C,UCTT,2022-12-31,264416,372.4000
A,USD,STD,INDL,C,UCTT,2023-12-31,264416,342.3000
A,USD,STD,INDL,C,UCTT,2024-12-31,264416,360.1000
A,USD,STD,INDL,C,UCTT,2025-12-31,264416,180.6000
A,USD,STD,INDL,C,UTHR,2015-12-31,121440,1699.3520
A,USD,STD,INDL,C,UTHR,2016-12-31,121440,2416.7000
A,USD,STD,INDL,C,UTHR,2017-12-31,121440,2826.0000
A,USD,STD,INDL,C,UTHR,2018-12-31,121440,3426.9000
A,USD,STD,INDL,C,UTHR,2019-12-31,121440,3311.0000
A,USD,STD,INDL,C,UTHR,2020-12-31,121440,3825.0000
A,USD,STD,INDL,C,UTHR,2021-12-31,121440,4292.0000
A,USD,STD,INDL,C,UTHR,2022-12-31,121440,4986.8000
A,USD,STD,INDL,C,UTHR,2023-12-31,121440,6014.3000
A,USD,STD,INDL,C,UTHR,2024-12-31,121440,7218.8000
A,USD,STD,INDL,C,UTHR,2025-12-31,121440,8557.8000
A,USD,STD,INDL,C,VIR,2017-12-31,035638,-77.9520
A,USD,STD,INDL,C,VIR,2018-12-31,035638,-193.8500
A,USD,STD,INDL,C,VIR,2019-12-31,035638,-369.1200
A,USD,STD,INDL,C,VIR,2020-12-31,035638,-668.4620
A,USD,STD,INDL,C,VIR,2021-12-31,035638,-139.6990
A,USD,STD,INDL,C,VIR,2022-12-31,035638,368.1150
A,USD,STD,INDL,C,VIR,2023-12-31,035638,-238.6390
A,USD,STD,INDL,C,VIR,2024-12-31,035638,-761.5010
A,USD,STD,INDL,C,VIR,2025-12-31,035638,-1199.8280
A,USD,STD,INDL,C,VRT,2018-12-31,036175,
A,USD,STD,INDL,C,VRT,2019-12-31,036175,
A,USD,STD,INDL,C,VRT,2020-12-31,036175,-1279.7000
A,USD,STD,INDL,C,VRT,2021-12-31,036175,-1179.8000
A,USD,STD,INDL,C,VRT,2022-12-31,036175,-1188.8000
A,USD,STD,INDL,C,VRT,2023-12-31,036175,-696.4000
A,USD,STD,INDL,C,VRT,2024-12-31,036175,-387.1000
A,USD,STD,INDL,C,VRT,2025-12-31,036175,1046.1000
A,USD,STD,INDL,C,VRTX,2015-12-31,024344,-5259.9600
A,USD,STD,INDL,C,VRTX,2016-12-31,024344,-5352.6630
A,USD,STD,INDL,C,VRTX,2017-12-31,024344,-5131.2950
A,USD,STD,INDL,C,VRTX,2018-12-31,024344,-2988.8190
A,USD,STD,INDL,C,VRTX,2019-12-31,024344,-1854.9510
A,USD,STD,INDL,C,VRTX,2020-12-31,024344,790.1890
A,USD,STD,INDL,C,VRTX,2021-12-31,024344,3216.7000
A,USD,STD,INDL,C,VRTX,2022-12-31,024344,6523.6000
A,USD,STD,INDL,C,VRTX,2023-12-31,024344,10128.1000
A,USD,STD,INDL,C,VRTX,2024-12-31,024344,9734.6000
A,USD,STD,INDL,C,VRTX,2025-12-31,024344,13544.1000
A,USD,STD,INDL,C,VTRS,2015-12-31,007637,2697.8000
A,USD,STD,INDL,C,VTRS,2016-12-31,007637,2678.4000
A,USD,STD,INDL,C,VTRS,2017-12-31,007637,5283.3000
A,USD,STD,INDL,C,VTRS,2018-12-31,007637,4569.4000
A,USD,STD,INDL,C,VTRS,2019-12-31,007637,4233.9000
A,USD,STD,INDL,C,VTRS,2020-12-31,007637,4503.2000
A,USD,STD,INDL,C,VTRS,2021-12-31,007637,1944.5000
A,USD,STD,INDL,C,VTRS,2022-12-31,007637,2414.4000
A,USD,STD,INDL,C,VTRS,2023-12-31,007637,1892.3000
A,USD,STD,INDL,C,VTRS,2024-12-31,007637,205.9000
A,USD,STD,INDL,C,VTRS,2025-12-31,007637,-3095.3000
A,USD,STD,INDL,C,VYX,2015-12-31,007648,719.0000
A,USD,STD,INDL,C,VYX,2016-12-31,007648,662.0000
A,USD,STD,INDL,C,VYX,2017-12-31,007648,658.0000
A,USD,STD,INDL,C,VYX,2018-12-31,007648,360.0000
A,USD,STD,INDL,C,VYX,2019-12-31,007648,791.0000
A,USD,STD,INDL,C,VYX,2020-12-31,007648,679.0000
A,USD,STD,INDL,C,VYX,2021-12-31,007648,740.0000
A,USD,STD,INDL,C,VYX,2022-12-31,007648,775.0000
A,USD,STD,INDL,C,VYX,2023-12-31,007648,-850.0000
A,USD,STD,INDL,C,VYX,2024-12-31,007648,66.0000
A,USD,STD,INDL,C,VYX,2025-12-31,007648,120.0000
A,USD,STD,INDL,C,WDC,2015-06-30,011399,9087.0000
A,USD,STD,INDL,C,WDC,2016-06-30,011399,8951.0000
A,USD,STD,INDL,C,WDC,2017-06-30,011399,8575.0000
A,USD,STD,INDL,C,WDC,2018-06-30,011399,8718.0000
A,USD,STD,INDL,C,WDC,2019-06-30,011399,7381.0000
A,USD,STD,INDL,C,WDC,2020-06-30,011399,6568.0000
A,USD,STD,INDL,C,WDC,2021-06-30,011399,7342.0000
A,USD,STD,INDL,C,WDC,2022-06-30,011399,8485.0000
A,USD,STD,INDL,C,WDC,2023-06-30,011399,6908.0000
A,USD,STD,INDL,C,WDC,2024-06-30,011399,6063.0000
A,USD,STD,INDL,C,WDC,2025-06-30,011399,782.0000
A,USD,STD,INDL,C,WOLF,2015-06-30,027794,180.6710
A,USD,STD,INDL,C,WOLF,2016-06-30,027794,8.1150
A,USD,STD,INDL,C,WOLF,2017-06-30,027794,-196.8330
A,USD,STD,INDL,C,WOLF,2018-06-30,027794,-482.1140
A,USD,STD,INDL,C,WOLF,2019-06-30,027794,-838.0000
A,USD,STD,INDL,C,WOLF,2020-06-30,027794,-1023.2000
A,USD,STD,INDL,C,WOLF,2021-06-30,027794,-1560.4000
A,USD,STD,INDL,C,WOLF,2022-06-30,027794,-1789.3000
A,USD,STD,INDL,C,WOLF,2023-06-30,027794,-2089.3000
A,USD,STD,INDL,C,WOLF,2024-06-30,027794,-2940.0000
A,USD,STD,INDL,C,WOLF,2025-06-30,027794,-4541.4000
I,USD,STD,INDL,C,XLNX,2015-03-31,022325,1955.1290
I,USD,STD,INDL,C,XLNX,2016-03-31,022325,1860.4350
I,USD,STD,INDL,C,XLNX,2017-03-31,022325,1701.6310
I,USD,STD,INDL,C,XLNX,2018-03-31,022325,1449.0290
I,USD,STD,INDL,C,XLNX,2019-03-31,022325,1853.5590
I,USD,STD,INDL,C,XLNX,2020-03-31,022325,1167.5280
I,USD,STD,INDL,C,XLNX,2021-03-31,022325,1501.0090
I,USD,STD,INDL,C,ZNGA,2015-12-31,187576,-1348.7080
I,USD,STD,INDL,C,ZNGA,2016-12-31,187576,-1769.0500
I,USD,STD,INDL,C,ZNGA,2017-12-31,187576,-1785.2650
I,USD,STD,INDL,C,ZNGA,2018-12-31,187576,-1908.1030
I,USD,STD,INDL,C,ZNGA,2019-12-31,187576,-1923.2650
I,USD,STD,INDL,C,ZNGA,2020-12-31,187576,-2335.0000
I,USD,STD,INDL,C,ZNGA,2021-12-31,187576,-2513.1000
A,USD,STD,INDL,C,ZTS,2015-12-31,013721,254.0000
A,USD,STD,INDL,C,ZTS,2016-12-31,013721,879.0000
A,USD,STD,INDL,C,ZTS,2017-12-31,013721,1604.0000
A,USD,STD,INDL,C,ZTS,2018-12-31,013721,2641.0000
A,USD,STD,INDL,C,ZTS,2019-12-31,013721,3701.0000
A,USD,STD,INDL,C,ZTS,2020-12-31,013721,4929.0000
A,USD,STD,INDL,C,ZTS,2021-12-31,013721,6422.0000
A,USD,STD,INDL,C,ZTS,2022-12-31,013721,7851.0000
A,USD,STD,INDL,C,ZTS,2023-12-31,013721,9456.0000
A,USD,STD,INDL,C,ZTS,2024-12-31,013721,11028.0000
A,USD,STD,INDL,C,ZTS,2025-12-31,013721,12910.0000
